symbols,timestamp,average_price
AVAX,2025-05-05/2025-05-11,21.95
AVAX,2025-04-28/2025-05-04,21.1
AVAX,2025-04-21/2025-04-27,21.26
AVAX,2025-04-14/2025-04-20,19.59
AVAX,2025-04-07/2025-04-13,17.84
AVAX,2025-03-31/2025-04-06,17.78
AVAX,2025-03-24/2025-03-30,21.08
AVAX,2025-03-17/2025-03-23,19.15
AVAX,2025-03-10/2025-03-16,17.56
AVAX,2025-03-03/2025-03-09,21.44
AVAX,2025-02-24/2025-03-02,22.7
AVAX,2025-02-17/2025-02-23,24.74
AVAX,2025-02-10/2025-02-16,25.54
AVAX,2025-02-03/2025-02-09,24.99
AVAX,2025-01-27/2025-02-02,31.04
AVAX,2025-01-20/2025-01-26,37.36
AVAX,2025-01-13/2025-01-19,37.3
AVAX,2025-01-06/2025-01-12,40.28
AVAX,2024-12-30/2025-01-05,39.03
AVAX,2024-12-23/2024-12-29,38.8
AVAX,2024-12-16/2024-12-22,42.82
AVAX,2024-12-09/2024-12-15,47.9
AVAX,2024-12-02/2024-12-08,50.4
AVAX,2024-11-25/2024-12-01,43.22
AVAX,2024-11-18/2024-11-24,38.79
AVAX,2024-11-11/2024-11-17,34.13
AVAX,2024-11-04/2024-11-10,27.82
AVAX,2024-10-28/2024-11-03,24.88
AVAX,2024-10-21/2024-10-27,26.66
AVAX,2024-10-14/2024-10-20,28.34
AVAX,2024-10-07/2024-10-13,27.22
AVAX,2024-09-30/2024-10-06,26.51
AVAX,2024-09-23/2024-09-29,28.7
AVAX,2024-09-16/2024-09-22,25.8
AVAX,2024-09-09/2024-09-15,24.26
AVAX,2024-09-02/2024-09-08,22.0
AVAX,2024-08-26/2024-09-01,24.14
AVAX,2024-08-19/2024-08-25,24.19
AVAX,2024-08-12/2024-08-18,20.83
AVAX,2024-08-05/2024-08-11,20.05
AVAX,2024-07-29/2024-08-04,24.72
AVAX,2024-07-22/2024-07-28,29.61
AVAX,2024-07-15/2024-07-21,29.64
AVAX,2024-07-08/2024-07-14,25.98
AVAX,2024-07-01/2024-07-07,25.96
AVAX,2024-06-24/2024-06-30,26.54
AVAX,2024-06-17/2024-06-23,27.24
AVAX,2024-06-10/2024-06-16,31.64
AVAX,2024-06-03/2024-06-09,34.05
AVAX,2024-05-27/2024-06-02,36.86
AVAX,2024-05-20/2024-05-26,38.47
AVAX,2024-05-13/2024-05-19,34.56
AVAX,2024-05-06/2024-05-12,36.33
AVAX,2024-04-29/2024-05-05,34.14
AVAX,2024-04-22/2024-04-28,36.5
AVAX,2024-04-15/2024-04-21,35.34
AVAX,2024-04-08/2024-04-14,40.02
AVAX,2024-04-01/2024-04-07,48.96
AVAX,2024-03-25/2024-03-31,56.25
AVAX,2024-03-18/2024-03-24,57.9
AVAX,2024-03-11/2024-03-17,50.74
AVAX,2024-03-04/2024-03-10,40.0
AVAX,2024-02-26/2024-03-03,40.54
AVAX,2024-02-19/2024-02-25,37.89
AVAX,2024-02-12/2024-02-18,40.99
AVAX,2024-02-05/2024-02-11,37.44
AVAX,2024-01-29/2024-02-04,34.95
AVAX,2024-01-22/2024-01-28,31.98
AVAX,2024-01-15/2024-01-21,34.0
AVAX,2024-01-08/2024-01-14,36.48
AVAX,2024-01-01/2024-01-07,38.25
AVAX,2023-12-25/2023-12-31,43.2
AVAX,2023-12-18/2023-12-24,43.23
AVAX,2023-12-11/2023-12-17,38.47
AVAX,2023-12-04/2023-12-10,29.28
AVAX,2023-11-27/2023-12-03,21.1
AVAX,2023-11-20/2023-11-26,21.08
AVAX,2023-11-13/2023-11-19,20.12
AVAX,2023-11-06/2023-11-12,15.82
AVAX,2023-10-30/2023-11-05,11.78
AVAX,2023-10-23/2023-10-29,10.66
AVAX,2023-10-16/2023-10-22,9.37
AVAX,2023-10-09/2023-10-15,9.48
AVAX,2023-10-02/2023-10-08,10.5
AVAX,2023-09-25/2023-10-01,9.22
AVAX,2023-09-18/2023-09-24,9.02
AVAX,2023-09-11/2023-09-17,9.3
AVAX,2023-09-04/2023-09-10,9.68
AVAX,2023-08-28/2023-09-03,10.48
AVAX,2023-08-21/2023-08-27,10.29
AVAX,2023-08-14/2023-08-20,11.23
AVAX,2023-08-07/2023-08-13,12.5
AVAX,2023-07-31/2023-08-06,12.84
AVAX,2023-07-24/2023-07-30,13.18
AVAX,2023-07-17/2023-07-23,13.95
AVAX,2023-07-10/2023-07-16,14.41
AVAX,2023-07-03/2023-07-09,13.23
AVAX,2023-06-26/2023-07-02,12.88
AVAX,2023-06-19/2023-06-25,12.42
AVAX,2023-06-12/2023-06-18,11.55
AVAX,2023-06-05/2023-06-11,12.45
AVAX,2023-05-29/2023-06-04,14.4
AVAX,2023-05-22/2023-05-28,14.39
AVAX,2023-05-15/2023-05-21,14.76
AVAX,2023-05-08/2023-05-14,15.51
AVAX,2023-05-01/2023-05-07,17.02
AVAX,2023-04-24/2023-04-30,17.26
AVAX,2023-04-17/2023-04-23,19.02
AVAX,2023-04-10/2023-04-16,18.96
AVAX,2023-04-03/2023-04-09,17.52
AVAX,2023-03-27/2023-04-02,16.94
AVAX,2023-03-20/2023-03-26,17.1
AVAX,2023-03-13/2023-03-19,16.74
AVAX,2023-03-06/2023-03-12,15.3
AVAX,2023-02-27/2023-03-05,17.2
AVAX,2023-02-20/2023-02-26,19.55
AVAX,2023-02-13/2023-02-19,18.63
AVAX,2023-02-06/2023-02-12,19.23
AVAX,2023-01-30/2023-02-05,20.74
AVAX,2023-01-23/2023-01-29,19.16
AVAX,2023-01-16/2023-01-22,16.98
AVAX,2023-01-09/2023-01-15,15.28
AVAX,2023-01-02/2023-01-08,11.5
AVAX,2022-12-26/2023-01-01,11.17
AVAX,2022-12-19/2022-12-25,11.62
AVAX,2022-12-12/2022-12-18,12.96
AVAX,2022-12-05/2022-12-11,13.64
AVAX,2022-11-28/2022-12-04,12.97
AVAX,2022-11-21/2022-11-27,12.42
AVAX,2022-11-14/2022-11-20,13.04
AVAX,2022-11-07/2022-11-13,15.45
AVAX,2022-10-31/2022-11-06,19.03
AVAX,2022-10-24/2022-10-30,17.24
AVAX,2022-10-17/2022-10-23,15.5
AVAX,2022-10-10/2022-10-16,15.83
AVAX,2022-10-03/2022-10-09,17.01
AVAX,2022-09-26/2022-10-02,17.48
AVAX,2022-09-19/2022-09-25,17.22
AVAX,2022-09-12/2022-09-18,19.1
AVAX,2022-09-05/2022-09-11,19.51
AVAX,2022-08-29/2022-09-04,19.07
AVAX,2022-08-22/2022-08-28,20.9
AVAX,2022-08-15/2022-08-21,25.31
AVAX,2022-08-08/2022-08-14,28.74
AVAX,2022-08-01/2022-08-07,25.37
AVAX,2022-07-25/2022-07-31,22.69
AVAX,2022-07-18/2022-07-24,23.48
AVAX,2022-07-11/2022-07-17,19.24
AVAX,2022-07-04/2022-07-10,18.72
AVAX,2022-06-27/2022-07-03,18.59
AVAX,2022-06-20/2022-06-26,18.69
AVAX,2022-06-13/2022-06-19,16.22
AVAX,2022-06-06/2022-06-12,22.5
AVAX,2022-05-30/2022-06-05,25.62
AVAX,2022-05-23/2022-05-29,27.22
AVAX,2022-05-16/2022-05-22,32.04
AVAX,2022-05-09/2022-05-15,38.29
AVAX,2022-05-02/2022-05-08,60.08
AVAX,2022-04-25/2022-05-01,64.12
AVAX,2022-04-18/2022-04-24,76.16
AVAX,2022-04-11/2022-04-17,77.3
AVAX,2022-04-04/2022-04-10,89.38
AVAX,2022-03-28/2022-04-03,96.1
AVAX,2022-03-21/2022-03-27,87.35
AVAX,2022-03-14/2022-03-20,78.97
AVAX,2022-03-07/2022-03-13,73.82
AVAX,2022-02-28/2022-03-06,81.28
AVAX,2022-02-21/2022-02-27,74.7
AVAX,2022-02-14/2022-02-20,87.46
AVAX,2022-02-07/2022-02-13,86.47
AVAX,2022-01-31/2022-02-06,72.59
AVAX,2022-01-24/2022-01-30,64.36
AVAX,2022-01-17/2022-01-23,72.72
AVAX,2022-01-10/2022-01-16,88.68
AVAX,2022-01-03/2022-01-09,96.66
AVAX,2021-12-27/2022-01-02,109.6
AVAX,2021-12-20/2021-12-26,114.14
AVAX,2021-12-13/2021-12-19,96.44
AVAX,2021-12-06/2021-12-12,86.81
AVAX,2021-11-29/2021-12-05,101.99
AVAX,2021-11-22/2021-11-28,122.78
AVAX,2021-11-15/2021-11-21,115.25
AVAX,2021-11-08/2021-11-14,89.1
AVAX,2021-11-01/2021-11-07,75.54
AVAX,2021-10-25/2021-10-31,65.02
AVAX,2021-10-18/2021-10-24,61.62
AVAX,2021-10-11/2021-10-17,56.58
AVAX,2021-10-04/2021-10-10,62.08
AVAX,2021-09-27/2021-10-03,67.26
AVAX,2021-09-20/2021-09-26,66.18
AVAX,2021-09-13/2021-09-19,61.96
AVAX,2021-09-06/2021-09-12,48.56
AVAX,2021-08-30/2021-09-05,44.92
AVAX,2021-08-23/2021-08-29,49.64
AVAX,2021-08-16/2021-08-22,34.34
AVAX,2021-08-09/2021-08-15,16.64
AVAX,2021-08-02/2021-08-08,14.21
AVAX,2021-07-26/2021-08-01,12.63
AVAX,2021-07-19/2021-07-25,10.39
AVAX,2021-07-12/2021-07-18,11.75
AVAX,2021-07-05/2021-07-11,12.87
AVAX,2021-06-28/2021-07-04,11.74
AVAX,2021-06-21/2021-06-27,11.7
AVAX,2021-06-14/2021-06-20,14.21
AVAX,2021-06-07/2021-06-13,15.35
AVAX,2021-05-31/2021-06-06,18.19
AVAX,2021-05-24/2021-05-30,18.24
AVAX,2021-05-17/2021-05-23,25.31
AVAX,2021-05-10/2021-05-16,35.74
AVAX,2021-05-03/2021-05-09,36.69
AVAX,2021-04-26/2021-05-02,28.54
AVAX,2021-04-19/2021-04-25,25.19
AVAX,2021-04-12/2021-04-18,31.65
AVAX,2021-04-05/2021-04-11,31.55
AVAX,2021-03-29/2021-04-04,29.39
AVAX,2021-03-22/2021-03-28,28.96
AVAX,2021-03-15/2021-03-21,33.15
AVAX,2021-03-08/2021-03-14,29.61
AVAX,2021-03-01/2021-03-07,27.76
AVAX,2021-02-22/2021-02-28,29.21
AVAX,2021-02-15/2021-02-21,38.46
AVAX,2021-02-08/2021-02-14,41.93
AVAX,2021-02-01/2021-02-07,18.5
AVAX,2021-01-25/2021-01-31,13.07
AVAX,2021-01-18/2021-01-24,12.34
AVAX,2021-01-11/2021-01-17,10.2
AVAX,2021-01-04/2021-01-10,5.36
AVAX,2020-12-28/2021-01-03,3.36
AVAX,2020-12-21/2020-12-27,3.22
AVAX,2020-12-14/2020-12-20,3.33
AVAX,2020-12-07/2020-12-13,3.2
AVAX,2020-11-30/2020-12-06,3.67
AVAX,2020-11-23/2020-11-29,3.84
AVAX,2020-11-16/2020-11-22,3.78
AVAX,2020-11-09/2020-11-15,3.54
AVAX,2020-11-02/2020-11-08,3.46
AVAX,2020-10-26/2020-11-01,4.02
AVAX,2020-10-19/2020-10-25,4.09
AVAX,2020-10-12/2020-10-18,4.29
AVAX,2020-10-05/2020-10-11,3.77
AVAX,2020-09-28/2020-10-04,4.17
AVAX,2020-09-21/2020-09-27,3.92
BNB,2025-05-05/2025-05-11,631.25
BNB,2025-04-28/2025-05-04,597.72
BNB,2025-04-21/2025-04-27,606.26
BNB,2025-04-14/2025-04-20,586.04
BNB,2025-04-07/2025-04-13,560.24
BNB,2025-03-31/2025-04-06,581.36
BNB,2025-03-24/2025-03-30,619.23
BNB,2025-03-17/2025-03-23,622.88
BNB,2025-03-10/2025-03-16,564.9
BNB,2025-03-03/2025-03-09,585.6
BNB,2025-02-24/2025-03-02,609.64
BNB,2025-02-17/2025-02-23,655.97
BNB,2025-02-10/2025-02-16,664.12
BNB,2025-02-03/2025-02-09,574.07
BNB,2025-01-27/2025-02-02,644.72
BNB,2025-01-20/2025-01-26,687.01
BNB,2025-01-13/2025-01-19,694.98
BNB,2025-01-06/2025-01-12,710.0
BNB,2024-12-30/2025-01-05,704.8
BNB,2024-12-23/2024-12-29,684.67
BNB,2024-12-16/2024-12-22,678.03
BNB,2024-12-09/2024-12-15,692.25
BNB,2024-12-02/2024-12-08,708.36
BNB,2024-11-25/2024-12-01,638.61
BNB,2024-11-18/2024-11-24,640.4
BNB,2024-11-11/2024-11-17,633.0
BNB,2024-11-04/2024-11-10,593.9
BNB,2024-10-28/2024-11-03,579.6
BNB,2024-10-21/2024-10-27,588.8
BNB,2024-10-14/2024-10-20,583.1
BNB,2024-10-07/2024-10-13,569.15
BNB,2024-09-30/2024-10-06,565.05
BNB,2024-09-23/2024-09-29,599.7
BNB,2024-09-16/2024-09-22,560.8
BNB,2024-09-09/2024-09-15,531.8
BNB,2024-09-02/2024-09-08,504.85
BNB,2024-08-26/2024-09-01,541.65
BNB,2024-08-19/2024-08-25,564.85
BNB,2024-08-12/2024-08-18,523.45
BNB,2024-08-05/2024-08-11,467.9
BNB,2024-07-29/2024-08-04,542.25
BNB,2024-07-22/2024-07-28,579.35
BNB,2024-07-15/2024-07-21,573.6
BNB,2024-07-08/2024-07-14,509.35
BNB,2024-07-01/2024-07-07,521.55
BNB,2024-06-24/2024-06-30,568.25
BNB,2024-06-17/2024-06-23,593.8
BNB,2024-06-10/2024-06-16,632.4
BNB,2024-06-03/2024-06-09,661.5
BNB,2024-05-27/2024-06-02,600.45
BNB,2024-05-20/2024-05-26,600.1
BNB,2024-05-13/2024-05-19,579.2
BNB,2024-05-06/2024-05-12,590.1
BNB,2024-04-29/2024-05-05,570.5
BNB,2024-04-22/2024-04-28,598.45
BNB,2024-04-15/2024-04-21,549.05
BNB,2024-04-08/2024-04-14,571.25
BNB,2024-04-01/2024-04-07,573.35
BNB,2024-03-25/2024-03-31,590.15
BNB,2024-03-18/2024-03-24,541.95
BNB,2024-03-11/2024-03-17,575.35
BNB,2024-03-04/2024-03-10,446.8
BNB,2024-02-26/2024-03-03,404.65
BNB,2024-02-19/2024-02-25,367.9
BNB,2024-02-12/2024-02-18,341.2
BNB,2024-02-05/2024-02-11,312.9
BNB,2024-01-29/2024-02-04,304.75
BNB,2024-01-22/2024-01-28,303.9
BNB,2024-01-15/2024-01-21,310.55
BNB,2024-01-08/2024-01-14,302.8
BNB,2024-01-01/2024-01-07,313.95
BNB,2023-12-25/2023-12-31,299.9
BNB,2023-12-18/2023-12-24,254.25
BNB,2023-12-11/2023-12-17,242.65
BNB,2023-12-04/2023-12-10,235.15
BNB,2023-11-27/2023-12-03,227.7
BNB,2023-11-20/2023-11-26,247.95
BNB,2023-11-13/2023-11-19,244.85
BNB,2023-11-06/2023-11-12,249.0
BNB,2023-10-30/2023-11-05,233.9
BNB,2023-10-23/2023-10-29,227.5
BNB,2023-10-16/2023-10-22,213.6
BNB,2023-10-09/2023-10-15,207.55
BNB,2023-10-02/2023-10-08,215.2
BNB,2023-09-25/2023-10-01,212.95
BNB,2023-09-18/2023-09-24,213.9
BNB,2023-09-11/2023-09-17,210.35
BNB,2023-09-04/2023-09-10,214.95
BNB,2023-08-28/2023-09-03,223.0
BNB,2023-08-21/2023-08-27,212.3
BNB,2023-08-14/2023-08-20,227.0
BNB,2023-08-07/2023-08-13,243.0
BNB,2023-07-31/2023-08-06,242.25
BNB,2023-07-24/2023-07-30,239.75
BNB,2023-07-17/2023-07-23,242.1
BNB,2023-07-10/2023-07-16,246.5
BNB,2023-07-03/2023-07-09,242.9
BNB,2023-06-26/2023-07-02,236.8
BNB,2023-06-19/2023-06-25,243.7
BNB,2023-06-12/2023-06-18,236.6
BNB,2023-06-05/2023-06-11,266.75
BNB,2023-05-29/2023-06-04,310.15
BNB,2023-05-22/2023-05-28,308.4
BNB,2023-05-15/2023-05-21,311.0
BNB,2023-05-08/2023-05-14,311.65
BNB,2023-05-01/2023-05-07,329.55
BNB,2023-04-24/2023-04-30,331.85
BNB,2023-04-17/2023-04-23,332.65
BNB,2023-04-10/2023-04-16,330.75
BNB,2023-04-03/2023-04-09,308.15
BNB,2023-03-27/2023-04-02,317.85
BNB,2023-03-20/2023-03-26,327.95
BNB,2023-03-13/2023-03-19,316.2
BNB,2023-03-06/2023-03-12,279.65
BNB,2023-02-27/2023-03-05,297.6
BNB,2023-02-20/2023-02-26,307.65
BNB,2023-02-13/2023-02-19,305.3
BNB,2023-02-06/2023-02-12,318.9
BNB,2023-01-30/2023-02-05,319.9
BNB,2023-01-23/2023-01-29,308.45
BNB,2023-01-16/2023-01-22,296.25
BNB,2023-01-09/2023-01-15,292.3
BNB,2023-01-02/2023-01-08,258.6
BNB,2022-12-26/2023-01-01,245.2
BNB,2022-12-19/2022-12-25,245.15
BNB,2022-12-12/2022-12-18,252.9
BNB,2022-12-05/2022-12-11,289.15
BNB,2022-11-28/2022-12-04,297.5
BNB,2022-11-21/2022-11-27,283.9
BNB,2022-11-14/2022-11-20,276.9
BNB,2022-11-07/2022-11-13,329.25
BNB,2022-10-31/2022-11-06,333.9
BNB,2022-10-24/2022-10-30,295.2
BNB,2022-10-17/2022-10-23,270.1
BNB,2022-10-10/2022-10-16,268.0
BNB,2022-10-03/2022-10-09,286.65
BNB,2022-09-26/2022-10-02,278.05
BNB,2022-09-19/2022-09-25,270.85
BNB,2022-09-12/2022-09-18,281.55
BNB,2022-09-05/2022-09-11,278.6
BNB,2022-08-29/2022-09-04,281.35
BNB,2022-08-22/2022-08-28,290.4
BNB,2022-08-15/2022-08-21,301.8
BNB,2022-08-08/2022-08-14,324.6
BNB,2022-08-01/2022-08-07,300.05
BNB,2022-07-25/2022-07-31,270.8
BNB,2022-07-18/2022-07-24,261.2
BNB,2022-07-11/2022-07-17,236.25
BNB,2022-07-04/2022-07-10,231.25
BNB,2022-06-27/2022-07-03,224.1
BNB,2022-06-20/2022-06-26,225.0
BNB,2022-06-13/2022-06-19,220.6
BNB,2022-06-06/2022-06-12,281.7
BNB,2022-05-30/2022-06-05,309.05
BNB,2022-05-23/2022-05-29,314.25
BNB,2022-05-16/2022-05-22,305.25
BNB,2022-05-09/2022-05-15,289.05
BNB,2022-05-02/2022-05-08,381.55
BNB,2022-04-25/2022-05-01,393.1
BNB,2022-04-18/2022-04-24,413.8
BNB,2022-04-11/2022-04-17,409.05
BNB,2022-04-04/2022-04-10,438.1
BNB,2022-03-28/2022-04-03,434.25
BNB,2022-03-21/2022-03-27,408.2
BNB,2022-03-14/2022-03-20,382.95
BNB,2022-03-07/2022-03-13,381.4
BNB,2022-02-28/2022-03-06,390.35
BNB,2022-02-21/2022-02-27,358.6
BNB,2022-02-14/2022-02-20,409.0
BNB,2022-02-07/2022-02-13,417.95
BNB,2022-01-31/2022-02-06,395.3
BNB,2022-01-24/2022-01-30,369.2
BNB,2022-01-17/2022-01-23,417.7
BNB,2022-01-10/2022-01-16,455.8
BNB,2022-01-03/2022-01-09,473.9
BNB,2021-12-27/2022-01-02,539.0
BNB,2021-12-20/2021-12-26,530.0
BNB,2021-12-13/2021-12-19,536.9
BNB,2021-12-06/2021-12-12,575.0
BNB,2021-11-29/2021-12-05,569.5
BNB,2021-11-22/2021-11-28,605.85
BNB,2021-11-15/2021-11-21,584.75
BNB,2021-11-08/2021-11-14,617.95
BNB,2021-11-01/2021-11-07,590.15
BNB,2021-10-25/2021-10-31,487.9
BNB,2021-10-18/2021-10-24,485.95
BNB,2021-10-11/2021-10-17,438.45
BNB,2021-10-04/2021-10-10,426.0
BNB,2021-09-27/2021-10-03,384.1
BNB,2021-09-20/2021-09-26,365.05
BNB,2021-09-13/2021-09-19,410.5
BNB,2021-09-06/2021-09-12,439.0
BNB,2021-08-30/2021-09-05,479.05
BNB,2021-08-23/2021-08-29,482.42
BNB,2021-08-16/2021-08-22,422.74
BNB,2021-08-09/2021-08-15,375.98
BNB,2021-08-02/2021-08-08,338.44
BNB,2021-07-26/2021-08-01,322.71
BNB,2021-07-19/2021-07-25,281.16
BNB,2021-07-12/2021-07-18,312.3
BNB,2021-07-05/2021-07-11,315.5
BNB,2021-06-28/2021-07-04,296.0
BNB,2021-06-21/2021-06-27,283.71
BNB,2021-06-14/2021-06-20,344.86
BNB,2021-06-07/2021-06-13,363.3
BNB,2021-05-31/2021-06-06,370.28
BNB,2021-05-24/2021-05-30,322.84
BNB,2021-05-17/2021-05-23,388.18
BNB,2021-05-10/2021-05-16,609.18
BNB,2021-05-03/2021-05-09,642.07
BNB,2021-04-26/2021-05-02,573.54
BNB,2021-04-19/2021-04-25,531.95
BNB,2021-04-12/2021-04-18,533.28
BNB,2021-04-05/2021-04-11,432.53
BNB,2021-03-29/2021-04-04,310.72
BNB,2021-03-22/2021-03-28,253.18
BNB,2021-03-15/2021-03-21,259.0
BNB,2021-03-08/2021-03-14,271.99
BNB,2021-03-01/2021-03-07,237.01
BNB,2021-02-22/2021-02-28,241.05
BNB,2021-02-15/2021-02-21,233.35
BNB,2021-02-08/2021-02-14,108.01
BNB,2021-02-01/2021-02-07,59.47
BNB,2021-01-25/2021-01-31,42.72
BNB,2021-01-18/2021-01-24,42.04
BNB,2021-01-11/2021-01-17,40.88
BNB,2021-01-04/2021-01-10,41.59
BNB,2020-12-28/2021-01-03,37.51
BNB,2020-12-21/2020-12-27,32.8
BNB,2020-12-14/2020-12-20,32.18
BNB,2020-12-07/2020-12-13,28.2
BNB,2020-11-30/2020-12-06,30.27
BNB,2020-11-23/2020-11-29,30.89
BNB,2020-11-16/2020-11-22,29.28
BNB,2020-11-09/2020-11-15,28.02
BNB,2020-11-02/2020-11-08,27.82
BNB,2020-10-26/2020-11-01,29.94
BNB,2020-10-19/2020-10-25,29.9
BNB,2020-10-12/2020-10-18,30.21
BNB,2020-10-05/2020-10-11,27.89
BNB,2020-09-28/2020-10-04,27.61
BNB,2020-09-21/2020-09-27,24.5
BNB,2020-09-14/2020-09-20,29.26
BNB,2020-09-07/2020-09-13,26.22
BNB,2020-08-31/2020-09-06,21.92
BNB,2020-08-24/2020-08-30,22.41
BNB,2020-08-17/2020-08-23,22.6
BNB,2020-08-10/2020-08-16,22.18
BNB,2020-08-03/2020-08-09,22.12
BNB,2020-07-27/2020-08-02,20.29
BNB,2020-07-20/2020-07-26,18.86
BNB,2020-07-13/2020-07-19,17.77
BNB,2020-07-06/2020-07-12,17.02
BNB,2020-06-29/2020-07-05,15.53
BNB,2020-06-22/2020-06-28,15.72
BNB,2020-06-15/2020-06-21,16.02
BNB,2020-06-08/2020-06-14,16.76
BNB,2020-06-01/2020-06-07,17.44
BNB,2020-05-25/2020-05-31,17.0
BNB,2020-05-18/2020-05-24,16.53
BNB,2020-05-11/2020-05-17,15.35
BNB,2020-05-04/2020-05-10,15.7
BNB,2020-04-27/2020-05-03,17.1
BNB,2020-04-20/2020-04-26,15.58
BNB,2020-04-13/2020-04-19,15.22
BNB,2020-04-06/2020-04-12,14.48
BNB,2020-03-30/2020-04-05,12.66
BNB,2020-03-23/2020-03-29,12.1
BNB,2020-03-16/2020-03-22,11.05
BNB,2020-03-09/2020-03-15,11.93
BNB,2020-03-02/2020-03-08,19.25
BNB,2020-02-24/2020-03-01,20.48
BNB,2020-02-17/2020-02-23,22.73
BNB,2020-02-10/2020-02-16,24.5
BNB,2020-02-03/2020-02-09,21.13
BNB,2020-01-27/2020-02-02,18.05
BNB,2020-01-20/2020-01-26,17.41
BNB,2020-01-13/2020-01-19,16.71
BNB,2020-01-06/2020-01-12,14.74
BNB,2019-12-30/2020-01-05,13.68
BNB,2019-12-23/2019-12-29,13.53
BNB,2019-12-16/2019-12-22,13.27
BNB,2019-12-09/2019-12-15,14.97
BNB,2019-12-02/2019-12-08,15.34
BNB,2019-11-25/2019-12-01,15.09
BNB,2019-11-18/2019-11-24,17.24
BNB,2019-11-11/2019-11-17,20.77
BNB,2019-11-04/2019-11-10,20.1
BNB,2019-10-28/2019-11-03,20.17
BNB,2019-10-21/2019-10-27,17.94
BNB,2019-10-14/2019-10-20,18.27
BNB,2019-10-07/2019-10-13,16.81
BNB,2019-09-30/2019-10-06,15.45
BNB,2019-09-23/2019-09-29,17.31
BNB,2019-09-16/2019-09-22,21.52
BNB,2019-09-09/2019-09-15,21.07
BNB,2019-09-02/2019-09-08,22.27
BNB,2019-08-26/2019-09-01,24.04
BNB,2019-08-19/2019-08-25,27.37
BNB,2019-08-12/2019-08-18,28.65
BNB,2019-08-05/2019-08-11,29.59
BNB,2019-07-29/2019-08-04,27.48
BNB,2019-07-22/2019-07-28,29.51
BNB,2019-07-15/2019-07-21,27.85
BNB,2019-07-08/2019-07-14,31.28
BNB,2019-07-01/2019-07-07,32.47
BNB,2019-06-24/2019-06-30,35.01
BNB,2019-06-17/2019-06-23,35.89
BNB,2019-06-10/2019-06-16,33.05
BNB,2019-06-03/2019-06-09,30.95
BNB,2019-05-27/2019-06-02,32.68
BNB,2019-05-20/2019-05-26,31.51
BNB,2019-05-13/2019-05-19,25.29
BNB,2019-05-06/2019-05-12,20.65
BNB,2019-04-29/2019-05-05,22.7
BNB,2019-04-22/2019-04-28,22.76
BNB,2019-04-15/2019-04-21,22.08
BNB,2019-04-08/2019-04-14,18.08
BNB,2019-04-01/2019-04-07,18.67
BNB,2019-03-25/2019-03-31,16.63
BNB,2019-03-18/2019-03-24,15.68
BNB,2019-03-11/2019-03-17,15.01
BNB,2019-03-04/2019-03-10,13.2
BNB,2019-02-25/2019-03-03,10.57
BNB,2019-02-18/2019-02-24,10.24
BNB,2019-02-11/2019-02-17,9.15
BNB,2019-02-04/2019-02-10,7.99
BNB,2019-01-28/2019-02-03,6.54
BNB,2019-01-21/2019-01-27,6.73
BNB,2019-01-14/2019-01-20,6.05
BNB,2019-01-07/2019-01-13,6.11
BNB,2018-12-31/2019-01-06,6.06
BNB,2018-12-24/2018-12-30,5.79
BNB,2018-12-17/2018-12-23,5.37
BNB,2018-12-10/2018-12-16,4.79
BNB,2018-12-03/2018-12-09,5.37
BNB,2018-11-26/2018-12-02,5.17
BNB,2018-11-19/2018-11-25,6.31
BNB,2018-11-12/2018-11-18,8.64
BNB,2018-11-05/2018-11-11,9.66
BNB,2018-10-29/2018-11-04,9.59
BNB,2018-10-22/2018-10-28,9.84
BNB,2018-10-15/2018-10-21,10.26
BNB,2018-10-08/2018-10-14,9.96
BNB,2018-10-01/2018-10-07,10.31
BNB,2018-09-24/2018-09-30,9.86
BNB,2018-09-17/2018-09-23,9.91
BNB,2018-09-10/2018-09-16,9.63
BNB,2018-09-03/2018-09-09,10.37
BNB,2018-08-27/2018-09-02,10.84
BNB,2018-08-20/2018-08-26,9.74
BNB,2018-08-13/2018-08-19,10.21
BNB,2018-08-06/2018-08-12,12.64
BNB,2018-07-30/2018-08-05,13.74
BNB,2018-07-23/2018-07-29,13.26
BNB,2018-07-16/2018-07-22,12.85
BNB,2018-07-09/2018-07-15,12.93
BNB,2018-07-02/2018-07-08,13.98
BNB,2018-06-25/2018-07-01,14.44
BNB,2018-06-18/2018-06-24,15.36
BNB,2018-06-11/2018-06-17,15.44
BNB,2018-06-04/2018-06-10,15.44
BNB,2018-05-28/2018-06-03,13.32
BNB,2018-05-21/2018-05-27,13.48
BNB,2018-05-14/2018-05-20,14.08
BNB,2018-05-07/2018-05-13,13.59
BNB,2018-04-30/2018-05-06,14.32
BNB,2018-04-23/2018-04-29,14.36
BNB,2018-04-16/2018-04-22,12.63
BNB,2018-04-09/2018-04-15,12.7
BNB,2018-04-02/2018-04-08,12.48
BNB,2018-03-26/2018-04-01,11.34
BNB,2018-03-19/2018-03-25,11.7
BNB,2018-03-12/2018-03-18,9.33
BNB,2018-03-05/2018-03-11,8.76
BNB,2018-02-26/2018-03-04,10.13
BNB,2018-02-19/2018-02-25,9.9
BNB,2018-02-12/2018-02-18,10.25
BNB,2018-02-05/2018-02-11,7.98
BNB,2018-01-29/2018-02-04,10.58
BNB,2018-01-22/2018-01-28,13.05
BNB,2018-01-15/2018-01-21,16.32
BNB,2018-01-08/2018-01-14,19.42
BNB,2018-01-01/2018-01-07,15.7
BNB,2017-12-25/2017-12-31,8.16
BNB,2017-12-18/2017-12-24,4.86
BNB,2017-12-11/2017-12-17,4.48
BNB,2017-12-04/2017-12-10,2.49
BNB,2017-11-27/2017-12-03,1.98
BNB,2017-11-20/2017-11-26,1.75
BNB,2017-11-13/2017-11-19,1.61
BNB,2017-11-06/2017-11-12,1.35
BTC,2025-05-05/2025-05-11,98869.15
BTC,2025-04-28/2025-05-04,95347.84
BTC,2025-04-21/2025-04-27,90451.4
BTC,2025-04-14/2025-04-20,84804.03
BTC,2025-04-07/2025-04-13,80304.0
BTC,2025-03-31/2025-04-06,82826.92
BTC,2025-03-24/2025-03-30,85165.22
BTC,2025-03-17/2025-03-23,84294.16
BTC,2025-03-10/2025-03-16,80957.86
BTC,2025-03-03/2025-03-09,87208.23
BTC,2025-02-24/2025-03-02,87379.26
BTC,2025-02-17/2025-02-23,96431.54
BTC,2025-02-10/2025-02-16,96457.12
BTC,2025-02-03/2025-02-09,96865.5
BTC,2025-01-27/2025-02-02,101303.72
BTC,2025-01-20/2025-01-26,104569.0
BTC,2025-01-13/2025-01-19,97839.56
BTC,2025-01-06/2025-01-12,96964.02
BTC,2024-12-30/2025-01-05,95253.68
BTC,2024-12-23/2024-12-29,96241.85
BTC,2024-12-16/2024-12-22,100292.77
BTC,2024-12-09/2024-12-15,99700.02
BTC,2024-12-02/2024-12-08,97294.0
BTC,2024-11-25/2024-12-01,94831.45
BTC,2024-11-18/2024-11-24,94482.45
BTC,2024-11-11/2024-11-17,86740.82
BTC,2024-11-04/2024-11-10,74167.5
BTC,2024-10-28/2024-11-03,70549.42
BTC,2024-10-21/2024-10-27,67389.76
BTC,2024-10-14/2024-10-20,65928.9
BTC,2024-10-07/2024-10-13,61712.1
BTC,2024-09-30/2024-10-06,62723.46
BTC,2024-09-23/2024-09-29,64518.38
BTC,2024-09-16/2024-09-22,60813.31
BTC,2024-09-09/2024-09-15,57608.48
BTC,2024-09-02/2024-09-08,56179.82
BTC,2024-08-26/2024-09-01,60841.0
BTC,2024-08-19/2024-08-25,61393.65
BTC,2024-08-12/2024-08-18,58939.27
BTC,2024-08-05/2024-08-11,55872.57
BTC,2024-07-29/2024-08-04,63601.38
BTC,2024-07-22/2024-07-28,66428.34
BTC,2024-07-15/2024-07-21,64499.48
BTC,2024-07-08/2024-07-14,57840.42
BTC,2024-07-01/2024-07-07,58673.84
BTC,2024-06-24/2024-06-30,60885.9
BTC,2024-06-17/2024-06-23,65238.56
BTC,2024-06-10/2024-06-16,67636.97
BTC,2024-06-03/2024-06-09,69804.75
BTC,2024-05-27/2024-06-02,68678.78
BTC,2024-05-20/2024-05-26,69019.66
BTC,2024-05-13/2024-05-19,64224.6
BTC,2024-05-06/2024-05-12,62843.56
BTC,2024-04-29/2024-05-05,60643.41
BTC,2024-04-22/2024-04-28,64811.8
BTC,2024-04-15/2024-04-21,63233.54
BTC,2024-04-08/2024-04-14,66729.28
BTC,2024-04-01/2024-04-07,67890.65
BTC,2024-03-25/2024-03-31,69077.3
BTC,2024-03-18/2024-03-24,64865.5
BTC,2024-03-11/2024-03-17,69155.0
BTC,2024-03-04/2024-03-10,64497.5
BTC,2024-02-26/2024-03-03,57450.72
BTC,2024-02-19/2024-02-25,51753.0
BTC,2024-02-12/2024-02-18,50263.32
BTC,2024-02-05/2024-02-11,45425.38
BTC,2024-01-29/2024-02-04,42843.62
BTC,2024-01-22/2024-01-28,40698.84
BTC,2024-01-15/2024-01-21,41929.01
BTC,2024-01-08/2024-01-14,45234.74
BTC,2024-01-01/2024-01-07,43314.82
BTC,2023-12-25/2023-12-31,42551.16
BTC,2023-12-18/2023-12-24,42470.6
BTC,2023-12-11/2023-12-17,42013.25
BTC,2023-12-04/2023-12-10,42336.13
BTC,2023-11-27/2023-12-03,38478.5
BTC,2023-11-20/2023-11-26,37023.01
BTC,2023-11-13/2023-11-19,36390.0
BTC,2023-11-06/2023-11-12,36247.65
BTC,2023-10-30/2023-11-05,35004.99
BTC,2023-10-23/2023-10-29,32581.8
BTC,2023-10-16/2023-10-22,28746.32
BTC,2023-10-09/2023-10-15,27263.3
BTC,2023-10-02/2023-10-08,27870.25
BTC,2023-09-25/2023-10-01,27027.98
BTC,2023-09-18/2023-09-24,26802.82
BTC,2023-09-11/2023-09-17,25894.5
BTC,2023-09-04/2023-09-10,25909.0
BTC,2023-08-28/2023-09-03,26738.3
BTC,2023-08-21/2023-08-27,26059.64
BTC,2023-08-14/2023-08-20,27430.66
BTC,2023-08-07/2023-08-13,29472.52
BTC,2023-07-31/2023-08-06,29316.6
BTC,2023-07-24/2023-07-30,29480.74
BTC,2023-07-17/2023-07-23,29964.73
BTC,2023-07-10/2023-07-16,30852.1
BTC,2023-07-03/2023-07-09,30600.51
BTC,2023-06-26/2023-07-02,30391.0
BTC,2023-06-19/2023-06-25,28844.28
BTC,2023-06-12/2023-06-18,25820.0
BTC,2023-06-05/2023-06-11,26371.4
BTC,2023-05-29/2023-06-04,27476.07
BTC,2023-05-22/2023-05-28,27066.6
BTC,2023-05-15/2023-05-21,27012.4
BTC,2023-05-08/2023-05-14,27221.24
BTC,2023-05-01/2023-05-07,28743.48
BTC,2023-04-24/2023-04-30,28489.41
BTC,2023-04-17/2023-04-23,28805.0
BTC,2023-04-10/2023-04-16,29585.0
BTC,2023-04-03/2023-04-09,27987.62
BTC,2023-03-27/2023-04-02,27846.41
BTC,2023-03-20/2023-03-26,27734.92
BTC,2023-03-13/2023-03-19,25101.99
BTC,2023-03-06/2023-03-12,21075.64
BTC,2023-02-27/2023-03-05,22985.56
BTC,2023-02-20/2023-02-26,23986.0
BTC,2023-02-13/2023-02-19,23300.54
BTC,2023-02-06/2023-02-12,22451.5
BTC,2023-01-30/2023-02-05,23377.5
BTC,2023-01-23/2023-01-29,23130.27
BTC,2023-01-16/2023-01-22,21889.48
BTC,2023-01-09/2023-01-15,19181.33
BTC,2023-01-02/2023-01-08,16862.84
BTC,2022-12-26/2023-01-01,16652.92
BTC,2022-12-19/2022-12-25,16658.78
BTC,2022-12-12/2022-12-18,17457.64
BTC,2022-12-05/2022-12-11,17051.54
BTC,2022-11-28/2022-12-04,16659.64
BTC,2022-11-21/2022-11-27,16144.32
BTC,2022-11-14/2022-11-20,16502.6
BTC,2022-11-07/2022-11-13,18328.89
BTC,2022-10-31/2022-11-06,20755.94
BTC,2022-10-24/2022-10-30,20121.0
BTC,2022-10-17/2022-10-23,19178.33
BTC,2022-10-10/2022-10-16,19070.93
BTC,2022-10-03/2022-10-09,19717.34
BTC,2022-09-26/2022-10-02,19428.57
BTC,2022-09-19/2022-09-25,19040.99
BTC,2022-09-12/2022-09-18,21059.5
BTC,2022-09-05/2022-09-11,20185.39
BTC,2022-08-29/2022-09-04,20058.12
BTC,2022-08-22/2022-08-28,20710.0
BTC,2022-08-15/2022-08-21,22986.61
BTC,2022-08-08/2022-08-14,23856.12
BTC,2022-08-01/2022-08-07,23023.84
BTC,2022-07-25/2022-07-31,22687.25
BTC,2022-07-18/2022-07-24,22519.6
BTC,2022-07-11/2022-07-17,20297.74
BTC,2022-07-04/2022-07-10,20791.34
BTC,2022-06-27/2022-07-03,20082.92
BTC,2022-06-20/2022-06-26,20762.52
BTC,2022-06-13/2022-06-19,22258.92
BTC,2022-06-06/2022-06-12,29162.82
BTC,2022-05-30/2022-06-05,30840.68
BTC,2022-05-23/2022-05-29,29345.04
BTC,2022-05-16/2022-05-22,29991.68
BTC,2022-05-09/2022-05-15,30471.58
BTC,2022-05-02/2022-05-08,36868.86
BTC,2022-04-25/2022-05-01,39091.84
BTC,2022-04-18/2022-04-24,40756.26
BTC,2022-04-11/2022-04-17,40807.35
BTC,2022-04-04/2022-04-10,44534.0
BTC,2022-03-28/2022-04-03,46194.92
BTC,2022-03-21/2022-03-27,43733.47
BTC,2022-03-14/2022-03-20,39977.5
BTC,2022-03-07/2022-03-13,39874.53
BTC,2022-02-28/2022-03-06,41425.08
BTC,2022-02-21/2022-02-27,37335.36
BTC,2022-02-14/2022-02-20,41375.7
BTC,2022-02-07/2022-02-13,43733.42
BTC,2022-01-31/2022-02-06,39453.0
BTC,2022-01-24/2022-01-30,35918.57
BTC,2022-01-17/2022-01-23,38756.5
BTC,2022-01-10/2022-01-16,42075.0
BTC,2022-01-03/2022-01-09,44035.5
BTC,2021-12-27/2022-01-02,48883.0
BTC,2021-12-20/2021-12-26,48684.42
BTC,2021-12-13/2021-12-19,47822.98
BTC,2021-12-06/2021-12-12,49343.66
BTC,2021-11-29/2021-12-05,50588.64
BTC,2021-11-22/2021-11-28,56350.32
BTC,2021-11-15/2021-11-21,61000.91
BTC,2021-11-08/2021-11-14,65639.0
BTC,2021-11-01/2021-11-07,61837.5
BTC,2021-10-25/2021-10-31,60765.32
BTC,2021-10-18/2021-10-24,63255.32
BTC,2021-10-11/2021-10-17,58406.0
BTC,2021-10-04/2021-10-10,51726.16
BTC,2021-09-27/2021-10-03,44990.98
BTC,2021-09-20/2021-09-26,43473.62
BTC,2021-09-13/2021-09-19,46106.6
BTC,2021-09-06/2021-09-12,47881.52
BTC,2021-08-30/2021-09-05,49206.0
BTC,2021-08-23/2021-08-29,48375.0
BTC,2021-08-16/2021-08-22,46842.37
BTC,2021-08-09/2021-08-15,45461.5
BTC,2021-08-02/2021-08-08,41321.35
BTC,2021-07-26/2021-08-01,38902.39
BTC,2021-07-19/2021-07-25,32338.0
BTC,2021-07-12/2021-07-18,32849.21
BTC,2021-07-05/2021-07-11,33685.39
BTC,2021-06-28/2021-07-04,34649.5
BTC,2021-06-21/2021-06-27,32277.5
BTC,2021-06-14/2021-06-20,37333.0
BTC,2021-06-07/2021-06-13,35190.0
BTC,2021-05-31/2021-06-06,36814.92
BTC,2021-05-24/2021-05-30,37110.0
BTC,2021-05-17/2021-05-23,38343.0
BTC,2021-05-10/2021-05-16,51662.7
BTC,2021-05-03/2021-05-09,56200.0
BTC,2021-04-26/2021-05-02,53605.76
BTC,2021-04-19/2021-04-25,52228.4
BTC,2021-04-12/2021-04-18,57892.65
BTC,2021-04-05/2021-04-11,58486.5
BTC,2021-03-29/2021-04-04,57500.0
BTC,2021-03-22/2021-03-28,54429.14
BTC,2021-03-15/2021-03-21,56952.38
BTC,2021-03-08/2021-03-14,55559.34
BTC,2021-03-01/2021-03-07,48795.26
BTC,2021-02-22/2021-02-28,50254.24
BTC,2021-02-15/2021-02-21,51961.8
BTC,2021-02-08/2021-02-14,43848.16
BTC,2021-02-01/2021-02-07,36625.84
BTC,2021-01-25/2021-01-31,33886.81
BTC,2021-01-18/2021-01-24,33350.0
BTC,2021-01-11/2021-01-17,35260.0
BTC,2021-01-04/2021-01-10,35040.0
BTC,2020-12-28/2021-01-03,30329.06
BTC,2020-12-21/2020-12-27,25118.5
BTC,2020-12-14/2020-12-20,21647.5
BTC,2020-12-07/2020-12-13,18496.62
BTC,2020-11-30/2020-12-06,18944.56
BTC,2020-11-23/2020-11-29,17836.1
BTC,2020-11-16/2020-11-22,17414.95
BTC,2020-11-09/2020-11-15,15642.77
BTC,2020-11-02/2020-11-08,14577.52
BTC,2020-10-26/2020-11-01,13432.5
BTC,2020-10-19/2020-10-25,12378.98
BTC,2020-10-12/2020-10-18,11446.0
BTC,2020-10-05/2020-10-11,11008.0
BTC,2020-09-28/2020-10-04,10662.0
BTC,2020-09-21/2020-09-27,10562.84
BTC,2020-09-14/2020-09-20,10696.06
BTC,2020-09-07/2020-09-13,10215.06
BTC,2020-08-31/2020-09-06,10937.92
BTC,2020-08-24/2020-08-30,11471.27
BTC,2020-08-17/2020-08-23,11922.4
BTC,2020-08-10/2020-08-16,11596.18
BTC,2020-08-03/2020-08-09,11422.97
BTC,2020-07-27/2020-08-02,11020.34
BTC,2020-07-20/2020-07-26,9621.0
BTC,2020-07-13/2020-07-19,9195.54
BTC,2020-07-06/2020-07-12,9262.96
BTC,2020-06-29/2020-07-05,9092.52
BTC,2020-06-22/2020-06-28,9306.5
BTC,2020-06-15/2020-06-21,9249.72
BTC,2020-06-08/2020-06-14,9552.86
BTC,2020-06-01/2020-06-07,9823.0
BTC,2020-05-25/2020-05-31,9191.36
BTC,2020-05-18/2020-05-24,9325.0
BTC,2020-05-11/2020-05-17,9069.5
BTC,2020-05-04/2020-05-10,9092.0
BTC,2020-04-27/2020-05-03,8533.0
BTC,2020-04-20/2020-04-26,7244.5
BTC,2020-04-13/2020-04-19,6880.68
BTC,2020-04-06/2020-04-12,7099.83
BTC,2020-03-30/2020-04-05,6527.88
BTC,2020-03-23/2020-03-29,6322.98
BTC,2020-03-16/2020-03-22,5671.06
BTC,2020-03-09/2020-03-15,5980.72
BTC,2020-03-02/2020-03-08,8594.0
BTC,2020-02-24/2020-03-01,9200.5
BTC,2020-02-17/2020-02-23,9800.0
BTC,2020-02-10/2020-02-16,10069.06
BTC,2020-02-03/2020-02-09,9629.51
BTC,2020-01-27/2020-02-02,9056.5
BTC,2020-01-20/2020-01-26,8528.0
BTC,2020-01-13/2020-01-19,8627.44
BTC,2020-01-06/2020-01-12,7900.88
BTC,2019-12-30/2020-01-05,7183.02
BTC,2019-12-23/2019-12-29,7385.9
BTC,2019-12-16/2019-12-22,6976.77
BTC,2019-12-09/2019-12-15,7329.18
BTC,2019-12-02/2019-12-08,7408.5
BTC,2019-11-25/2019-12-01,7182.5
BTC,2019-11-18/2019-11-24,7646.76
BTC,2019-11-11/2019-11-17,8711.5
BTC,2019-11-04/2019-11-10,9104.84
BTC,2019-10-28/2019-11-03,9407.55
BTC,2019-10-21/2019-10-27,8835.0
BTC,2019-10-14/2019-10-20,8109.5
BTC,2019-10-07/2019-10-13,8270.76
BTC,2019-09-30/2019-10-06,8105.0
BTC,2019-09-23/2019-09-29,8899.99
BTC,2019-09-16/2019-09-22,10004.0
BTC,2019-09-09/2019-09-15,10180.0
BTC,2019-09-02/2019-09-08,10309.19
BTC,2019-08-26/2019-09-01,9962.0
BTC,2019-08-19/2019-08-25,10355.98
BTC,2019-08-12/2019-08-18,10663.94
BTC,2019-08-05/2019-08-11,11629.25
BTC,2019-07-29/2019-08-04,10217.5
BTC,2019-07-22/2019-07-28,9924.08
BTC,2019-07-15/2019-07-21,10080.0
BTC,2019-07-08/2019-07-14,11625.04
BTC,2019-07-01/2019-07-07,10863.5
BTC,2019-06-24/2019-06-30,12247.55
BTC,2019-06-17/2019-06-23,10171.32
BTC,2019-06-10/2019-06-16,8422.0
BTC,2019-06-03/2019-06-09,8122.76
BTC,2019-05-27/2019-06-02,8539.63
BTC,2019-05-20/2019-05-26,8100.5
BTC,2019-05-13/2019-05-19,7618.0
BTC,2019-05-06/2019-05-12,6570.46
BTC,2019-04-29/2019-05-05,5539.4
BTC,2019-04-22/2019-04-28,5351.0
BTC,2019-04-15/2019-04-21,5141.71
BTC,2019-04-08/2019-04-14,5141.61
BTC,2019-04-01/2019-04-07,4671.0
BTC,2019-03-25/2019-03-31,4014.36
BTC,2019-03-18/2019-03-24,3974.66
BTC,2019-03-11/2019-03-17,3933.7
BTC,2019-03-04/2019-03-10,3821.22
BTC,2019-02-25/2019-03-03,3782.58
BTC,2019-02-18/2019-02-24,3926.5
BTC,2019-02-11/2019-02-17,3634.11
BTC,2019-02-04/2019-02-10,3553.34
BTC,2019-01-28/2019-02-03,3453.84
BTC,2019-01-21/2019-01-27,3548.9
BTC,2019-01-14/2019-01-20,3593.51
BTC,2019-01-07/2019-01-13,3755.55
BTC,2018-12-31/2019-01-06,3829.02
BTC,2018-12-24/2018-12-30,3866.5
BTC,2018-12-17/2018-12-23,3678.0
BTC,2018-12-10/2018-12-16,3383.13
BTC,2018-12-03/2018-12-09,3700.5
BTC,2018-11-26/2018-12-02,4069.75
BTC,2018-11-19/2018-11-25,4658.33
BTC,2018-11-12/2018-11-18,5950.71
BTC,2018-11-05/2018-11-11,6485.08
BTC,2018-10-29/2018-11-04,6385.01
BTC,2018-10-22/2018-10-28,6546.0
BTC,2018-10-15/2018-10-21,6990.0
BTC,2018-10-08/2018-10-14,6460.3
BTC,2018-10-01/2018-10-07,6563.5
BTC,2018-09-24/2018-09-30,6569.91
BTC,2018-09-17/2018-09-23,6481.02
BTC,2018-09-10/2018-09-16,6377.34
BTC,2018-09-03/2018-09-09,6760.5
BTC,2018-08-27/2018-09-02,6995.98
BTC,2018-08-20/2018-08-26,6551.27
BTC,2018-08-13/2018-08-19,6250.0
BTC,2018-08-06/2018-08-12,6565.5
BTC,2018-07-30/2018-08-05,7577.64
BTC,2018-07-23/2018-07-29,7933.38
BTC,2018-07-16/2018-07-22,7015.2
BTC,2018-07-09/2018-07-15,6436.03
BTC,2018-07-02/2018-07-08,6544.89
BTC,2018-06-25/2018-07-01,6154.5
BTC,2018-06-18/2018-06-24,6295.87
BTC,2018-06-11/2018-06-17,6520.34
BTC,2018-06-04/2018-06-10,7193.91
BTC,2018-05-28/2018-06-03,7409.82
BTC,2018-05-21/2018-05-27,7913.21
BTC,2018-05-14/2018-05-20,8395.94
BTC,2018-05-07/2018-05-13,8921.33
BTC,2018-04-30/2018-05-06,9410.24
BTC,2018-04-23/2018-04-29,9205.72
BTC,2018-04-16/2018-04-22,8430.2
BTC,2018-04-09/2018-04-15,7520.27
BTC,2018-04-02/2018-04-08,7010.0
BTC,2018-03-26/2018-04-01,7472.44
BTC,2018-03-19/2018-03-25,8632.7
BTC,2018-03-12/2018-03-18,8605.44
BTC,2018-03-05/2018-03-11,10019.5
BTC,2018-02-26/2018-03-04,10457.5
BTC,2018-02-19/2018-02-25,10530.4
BTC,2018-02-12/2018-02-18,9663.5
BTC,2018-02-05/2018-02-11,7532.9
BTC,2018-01-29/2018-02-04,9952.51
BTC,2018-01-22/2018-01-28,11072.12
BTC,2018-01-15/2018-01-21,11642.5
BTC,2018-01-08/2018-01-14,13861.15
BTC,2018-01-01/2018-01-07,14963.12
BTC,2017-12-25/2017-12-31,14124.02
BTC,2017-12-18/2017-12-24,15130.5
BTC,2017-12-11/2017-12-17,17232.62
BTC,2017-12-04/2017-12-10,14003.5
BTC,2017-11-27/2017-12-03,10172.5
BTC,2017-11-20/2017-11-26,8575.5
BTC,2017-11-13/2017-11-19,6911.57
BTC,2017-11-06/2017-11-12,6547.52
BTC,2017-10-30/2017-11-05,6810.12
BTC,2017-10-23/2017-10-29,5738.43
BTC,2017-10-16/2017-10-22,5604.48
BTC,2017-10-09/2017-10-15,5236.15
BTC,2017-10-02/2017-10-08,4384.0
BTC,2017-09-25/2017-10-01,4030.11
BTC,2017-09-18/2017-09-24,3814.38
BTC,2017-09-11/2017-09-17,3605.8
BTC,2017-09-04/2017-09-10,4195.8
BTC,2017-08-28/2017-09-03,4531.86
BTC,2017-08-21/2017-08-27,3926.96
BTC,2017-08-14/2017-08-20,4167.7
ETH,2025-05-05/2025-05-11,2121.39
ETH,2025-04-28/2025-05-04,1802.44
ETH,2025-04-21/2025-04-27,1697.36
ETH,2025-04-14/2025-04-20,1614.78
ETH,2025-04-07/2025-04-13,1537.02
ETH,2025-03-31/2025-04-06,1747.25
ETH,2025-03-24/2025-03-30,1935.9
ETH,2025-03-17/2025-03-23,1971.1
ETH,2025-03-10/2025-03-16,1953.34
ETH,2025-03-03/2025-03-09,2256.61
ETH,2025-02-24/2025-03-02,2458.1
ETH,2025-02-17/2025-02-23,2731.39
ETH,2025-02-10/2025-02-16,2671.18
ETH,2025-02-03/2025-02-09,2523.0
ETH,2025-01-27/2025-02-02,3094.01
ETH,2025-01-20/2025-01-26,3298.24
ETH,2025-01-13/2025-01-19,3222.86
ETH,2025-01-06/2025-01-12,3451.42
ETH,2024-12-30/2025-01-05,3490.12
ETH,2024-12-23/2024-12-29,3382.46
ETH,2024-12-16/2024-12-22,3604.85
ETH,2024-12-09/2024-12-15,3757.58
ETH,2024-12-02/2024-12-08,3793.86
ETH,2024-11-25/2024-12-01,3499.4
ETH,2024-11-18/2024-11-24,3263.46
ETH,2024-11-11/2024-11-17,3228.5
ETH,2024-11-04/2024-11-10,2803.06
ETH,2024-10-28/2024-11-03,2566.65
ETH,2024-10-21/2024-10-27,2576.04
ETH,2024-10-14/2024-10-20,2601.19
ETH,2024-10-07/2024-10-13,2425.83
ETH,2024-09-30/2024-10-06,2486.75
ETH,2024-09-23/2024-09-29,2634.04
ETH,2024-09-16/2024-09-22,2442.48
ETH,2024-09-09/2024-09-15,2368.81
ETH,2024-09-02/2024-09-08,2357.69
ETH,2024-08-26/2024-09-01,2577.48
ETH,2024-08-19/2024-08-25,2678.11
ETH,2024-08-12/2024-08-18,2645.02
ETH,2024-08-05/2024-08-11,2417.55
ETH,2024-07-29/2024-08-04,3013.38
ETH,2024-07-22/2024-07-28,3325.18
ETH,2024-07-15/2024-07-21,3390.11
ETH,2024-07-08/2024-07-14,3045.76
ETH,2024-07-01/2024-07-07,3167.47
ETH,2024-06-24/2024-06-30,3363.85
ETH,2024-06-17/2024-06-23,3496.68
ETH,2024-06-10/2024-06-16,3537.96
ETH,2024-06-03/2024-06-09,3743.73
ETH,2024-05-27/2024-06-02,3839.79
ETH,2024-05-20/2024-05-26,3498.48
ETH,2024-05-13/2024-05-19,3004.49
ETH,2024-05-06/2024-05-12,3049.72
ETH,2024-04-29/2024-05-05,3051.98
ETH,2024-04-22/2024-04-28,3212.07
ETH,2024-04-15/2024-04-21,3071.52
ETH,2024-04-08/2024-04-14,3291.36
ETH,2024-04-01/2024-04-07,3424.37
ETH,2024-03-25/2024-03-31,3549.49
ETH,2024-03-18/2024-03-24,3350.79
ETH,2024-03-11/2024-03-17,3752.96
ETH,2024-03-04/2024-03-10,3596.88
ETH,2024-02-26/2024-03-03,3279.7
ETH,2024-02-19/2024-02-25,2989.46
ETH,2024-02-12/2024-02-18,2683.5
ETH,2024-02-05/2024-02-11,2404.37
ETH,2024-01-29/2024-02-04,2312.89
ETH,2024-01-22/2024-01-28,2317.08
ETH,2024-01-15/2024-01-21,2514.81
ETH,2024-01-08/2024-01-14,2441.85
ETH,2024-01-01/2024-01-07,2265.65
ETH,2023-12-25/2023-12-31,2312.12
ETH,2023-12-18/2023-12-24,2229.88
ETH,2023-12-11/2023-12-17,2249.66
ETH,2023-12-04/2023-12-10,2295.66
ETH,2023-11-27/2023-12-03,2101.52
ETH,2023-11-20/2023-11-26,2030.72
ETH,2023-11-13/2023-11-19,2011.0
ETH,2023-11-06/2023-11-12,1993.65
ETH,2023-10-30/2023-11-05,1844.89
ETH,2023-10-23/2023-10-29,1761.3
ETH,2023-10-16/2023-10-22,1604.7
ETH,2023-10-09/2023-10-15,1578.5
ETH,2023-10-02/2023-10-08,1675.36
ETH,2023-09-25/2023-10-01,1657.0
ETH,2023-09-18/2023-09-24,1618.64
ETH,2023-09-11/2023-09-17,1592.54
ETH,2023-09-04/2023-09-10,1635.0
ETH,2023-08-28/2023-09-03,1674.08
ETH,2023-08-21/2023-08-27,1641.05
ETH,2023-08-14/2023-08-20,1703.25
ETH,2023-08-07/2023-08-13,1839.26
ETH,2023-07-31/2023-08-06,1846.77
ETH,2023-07-24/2023-07-30,1862.02
ETH,2023-07-17/2023-07-23,1893.68
ETH,2023-07-10/2023-07-16,1937.87
ETH,2023-07-03/2023-07-09,1901.08
ETH,2023-06-26/2023-07-02,1887.88
ETH,2023-06-19/2023-06-25,1817.21
ETH,2023-06-12/2023-06-18,1698.07
ETH,2023-06-05/2023-06-11,1806.66
ETH,2023-05-29/2023-06-04,1883.81
ETH,2023-05-22/2023-05-28,1840.03
ETH,2023-05-15/2023-05-21,1808.91
ETH,2023-05-08/2023-05-14,1813.74
ETH,2023-05-01/2023-05-07,1912.56
ETH,2023-04-24/2023-04-30,1874.86
ETH,2023-04-17/2023-04-23,1975.0
ETH,2023-04-10/2023-04-16,1993.97
ETH,2023-04-03/2023-04-09,1852.88
ETH,2023-03-27/2023-04-02,1766.7
ETH,2023-03-20/2023-03-26,1783.64
ETH,2023-03-13/2023-03-19,1703.18
ETH,2023-03-06/2023-03-12,1481.29
ETH,2023-02-27/2023-03-05,1611.12
ETH,2023-02-20/2023-02-26,1638.61
ETH,2023-02-13/2023-02-19,1602.45
ETH,2023-02-06/2023-02-12,1593.96
ETH,2023-01-30/2023-02-05,1624.84
ETH,2023-01-23/2023-01-29,1589.0
ETH,2023-01-16/2023-01-22,1590.32
ETH,2023-01-09/2023-01-15,1442.71
ETH,2023-01-02/2023-01-08,1244.5
ETH,2022-12-26/2023-01-01,1207.4
ETH,2022-12-19/2022-12-25,1194.25
ETH,2022-12-12/2022-12-18,1254.02
ETH,2022-12-05/2022-12-11,1261.56
ETH,2022-11-28/2022-12-04,1230.4
ETH,2022-11-21/2022-11-27,1155.33
ETH,2022-11-14/2022-11-20,1211.93
ETH,2022-11-07/2022-11-13,1340.78
ETH,2022-10-31/2022-11-06,1591.16
ETH,2022-10-24/2022-10-30,1493.62
ETH,2022-10-17/2022-10-23,1312.1
ETH,2022-10-10/2022-10-16,1266.56
ETH,2022-10-03/2022-10-09,1323.52
ETH,2022-09-26/2022-10-02,1326.6
ETH,2022-09-19/2022-09-25,1314.45
ETH,2022-09-12/2022-09-18,1554.28
ETH,2022-09-05/2022-09-11,1639.83
ETH,2022-08-29/2022-09-04,1536.04
ETH,2022-08-22/2022-08-28,1573.0
ETH,2022-08-15/2022-08-21,1768.07
ETH,2022-08-08/2022-08-14,1843.39
ETH,2022-08-01/2022-08-07,1654.6
ETH,2022-07-25/2022-07-31,1570.48
ETH,2022-07-18/2022-07-24,1500.2
ETH,2022-07-11/2022-07-17,1214.62
ETH,2022-07-04/2022-07-10,1160.92
ETH,2022-06-27/2022-07-03,1118.47
ETH,2022-06-20/2022-06-26,1161.82
ETH,2022-06-13/2022-06-19,1168.28
ETH,2022-06-06/2022-06-12,1671.5
ETH,2022-05-30/2022-06-05,1876.72
ETH,2022-05-23/2022-05-29,1895.75
ETH,2022-05-16/2022-05-22,2024.24
ETH,2022-05-09/2022-05-15,2165.39
ETH,2022-05-02/2022-05-08,2724.92
ETH,2022-04-25/2022-05-01,2874.4
ETH,2022-04-18/2022-04-24,3031.61
ETH,2022-04-11/2022-04-17,3081.82
ETH,2022-04-04/2022-04-10,3349.08
ETH,2022-03-28/2022-04-03,3395.51
ETH,2022-03-21/2022-03-27,3064.59
ETH,2022-03-14/2022-03-20,2743.18
ETH,2022-03-07/2022-03-13,2610.43
ETH,2022-02-28/2022-03-06,2789.46
ETH,2022-02-21/2022-02-27,2589.0
ETH,2022-02-14/2022-02-20,2886.1
ETH,2022-02-07/2022-02-13,3060.18
ETH,2022-01-31/2022-02-06,2775.32
ETH,2022-01-24/2022-01-30,2440.5
ETH,2022-01-17/2022-01-23,2828.78
ETH,2022-01-10/2022-01-16,3170.13
ETH,2022-01-03/2022-01-09,3450.36
ETH,2021-12-27/2022-01-02,3856.23
ETH,2021-12-20/2021-12-26,3951.5
ETH,2021-12-13/2021-12-19,3893.24
ETH,2021-12-06/2021-12-12,4158.11
ETH,2021-11-29/2021-12-05,4141.22
ETH,2021-11-22/2021-11-28,4232.0
ETH,2021-11-15/2021-11-21,4364.23
ETH,2021-11-08/2021-11-14,4664.96
ETH,2021-11-01/2021-11-07,4406.08
ETH,2021-10-25/2021-10-31,4175.32
ETH,2021-10-18/2021-10-24,4025.5
ETH,2021-10-11/2021-10-17,3671.0
ETH,2021-10-04/2021-10-10,3482.5
ETH,2021-09-27/2021-10-03,3135.0
ETH,2021-09-20/2021-09-26,2999.91
ETH,2021-09-13/2021-09-19,3392.38
ETH,2021-09-06/2021-09-12,3487.5
ETH,2021-08-30/2021-09-05,3585.44
ETH,2021-08-23/2021-08-29,3215.6
ETH,2021-08-16/2021-08-22,3142.5
ETH,2021-08-09/2021-08-15,3112.1
ETH,2021-08-02/2021-08-08,2816.16
ETH,2021-07-26/2021-08-01,2424.06
ETH,2021-07-19/2021-07-25,1952.75
ETH,2021-07-12/2021-07-18,2006.14
ETH,2021-07-05/2021-07-11,2227.76
ETH,2021-06-28/2021-07-04,2175.22
ETH,2021-06-21/2021-06-27,1980.32
ETH,2021-06-14/2021-06-20,2340.34
ETH,2021-06-07/2021-06-13,2551.89
ETH,2021-05-31/2021-06-06,2581.69
ETH,2021-05-24/2021-05-30,2494.97
ETH,2021-05-17/2021-05-23,2657.9
ETH,2021-05-10/2021-05-16,3857.89
ETH,2021-05-03/2021-05-09,3466.48
ETH,2021-04-26/2021-05-02,2644.32
ETH,2021-04-19/2021-04-25,2349.73
ETH,2021-04-12/2021-04-18,2247.54
ETH,2021-04-05/2021-04-11,2065.0
ETH,2021-03-29/2021-04-04,1911.92
ETH,2021-03-22/2021-03-28,1672.22
ETH,2021-03-15/2021-03-21,1801.72
ETH,2021-03-08/2021-03-14,1804.63
ETH,2021-03-01/2021-03-07,1572.04
ETH,2021-02-22/2021-02-28,1614.74
ETH,2021-02-15/2021-02-21,1849.0
ETH,2021-02-08/2021-02-14,1717.8
ETH,2021-02-01/2021-02-07,1515.24
ETH,2021-01-25/2021-01-31,1341.0
ETH,2021-01-18/2021-01-24,1240.3
ETH,2021-01-11/2021-01-17,1106.5
ETH,2021-01-04/2021-01-10,1119.16
ETH,2020-12-28/2021-01-03,846.06
ETH,2020-12-21/2020-12-27,634.2
ETH,2020-12-14/2020-12-20,625.92
ETH,2020-12-07/2020-12-13,566.79
ETH,2020-11-30/2020-12-06,597.85
ETH,2020-11-23/2020-11-29,552.0
ETH,2020-11-16/2020-11-22,513.16
ETH,2020-11-09/2020-11-15,455.55
ETH,2020-11-02/2020-11-08,419.26
ETH,2020-10-26/2020-11-01,392.2
ETH,2020-10-19/2020-10-25,393.0
ETH,2020-10-12/2020-10-18,377.99
ETH,2020-10-05/2020-10-11,355.29
ETH,2020-09-28/2020-10-04,352.34
ETH,2020-09-21/2020-09-27,345.04
ETH,2020-09-14/2020-09-20,374.57
ETH,2020-09-07/2020-09-13,356.72
ETH,2020-08-31/2020-09-06,398.63
ETH,2020-08-24/2020-08-30,399.94
ETH,2020-08-17/2020-08-23,412.96
ETH,2020-08-10/2020-08-16,405.28
ETH,2020-08-03/2020-08-09,384.92
ETH,2020-07-27/2020-08-02,360.86
ETH,2020-07-20/2020-07-26,276.4
ETH,2020-07-13/2020-07-19,237.68
ETH,2020-07-06/2020-07-12,237.9
ETH,2020-06-29/2020-07-05,226.98
ETH,2020-06-22/2020-06-28,232.62
ETH,2020-06-15/2020-06-21,227.79
ETH,2020-06-08/2020-06-14,238.24
ETH,2020-06-01/2020-06-07,239.4
ETH,2020-05-25/2020-05-31,221.95
ETH,2020-05-18/2020-05-24,204.39
ETH,2020-05-11/2020-05-17,192.92
ETH,2020-05-04/2020-05-10,198.1
ETH,2020-04-27/2020-05-03,208.3
ETH,2020-04-20/2020-04-26,183.35
ETH,2020-04-13/2020-04-19,168.94
ETH,2020-04-06/2020-04-12,159.41
ETH,2020-03-30/2020-04-05,136.91
ETH,2020-03-23/2020-03-29,131.43
ETH,2020-03-16/2020-03-22,126.82
ETH,2020-03-09/2020-03-15,147.31
ETH,2020-03-02/2020-03-08,223.72
ETH,2020-02-24/2020-03-01,243.6
ETH,2020-02-17/2020-02-23,263.94
ETH,2020-02-10/2020-02-16,252.39
ETH,2020-02-03/2020-02-09,207.67
ETH,2020-01-27/2020-02-02,179.32
ETH,2020-01-20/2020-01-26,163.51
ETH,2020-01-13/2020-01-19,160.88
ETH,2020-01-06/2020-01-12,141.46
ETH,2019-12-30/2020-01-05,132.04
ETH,2019-12-23/2019-12-29,129.99
ETH,2019-12-16/2019-12-22,129.49
ETH,2019-12-09/2019-12-15,145.22
ETH,2019-12-02/2019-12-08,147.56
ETH,2019-11-25/2019-12-01,144.52
ETH,2019-11-18/2019-11-24,161.03
ETH,2019-11-11/2019-11-17,183.93
ETH,2019-11-04/2019-11-10,187.73
ETH,2019-10-28/2019-11-03,184.88
ETH,2019-10-21/2019-10-27,175.6
ETH,2019-10-14/2019-10-20,178.52
ETH,2019-10-07/2019-10-13,182.67
ETH,2019-09-30/2019-10-06,175.27
ETH,2019-09-23/2019-09-29,180.86
ETH,2019-09-16/2019-09-22,206.12
ETH,2019-09-09/2019-09-15,181.72
ETH,2019-09-02/2019-09-08,174.59
ETH,2019-08-26/2019-09-01,178.66
ETH,2019-08-19/2019-08-25,191.56
ETH,2019-08-12/2019-08-18,197.42
ETH,2019-08-05/2019-08-11,220.88
ETH,2019-07-29/2019-08-04,214.46
ETH,2019-07-22/2019-07-28,213.29
ETH,2019-07-15/2019-07-21,213.71
ETH,2019-07-08/2019-07-14,270.5
ETH,2019-07-01/2019-07-07,291.17
ETH,2019-06-24/2019-06-30,323.4
ETH,2019-06-17/2019-06-23,291.58
ETH,2019-06-10/2019-06-16,252.04
ETH,2019-06-03/2019-06-09,248.28
ETH,2019-05-27/2019-06-02,264.38
ETH,2019-05-20/2019-05-26,250.25
ETH,2019-05-13/2019-05-19,232.54
ETH,2019-05-06/2019-05-12,181.39
ETH,2019-04-29/2019-05-05,161.65
ETH,2019-04-22/2019-04-28,163.09
ETH,2019-04-15/2019-04-21,166.33
ETH,2019-04-08/2019-04-14,171.99
ETH,2019-04-01/2019-04-07,158.69
ETH,2019-03-25/2019-03-31,138.74
ETH,2019-03-18/2019-03-24,136.61
ETH,2019-03-11/2019-03-17,136.5
ETH,2019-03-04/2019-03-10,131.44
ETH,2019-02-25/2019-03-03,134.2
ETH,2019-02-18/2019-02-24,148.85
ETH,2019-02-11/2019-02-17,126.9
ETH,2019-02-04/2019-02-10,113.85
ETH,2019-01-28/2019-02-03,106.89
ETH,2019-01-21/2019-01-27,115.26
ETH,2019-01-14/2019-01-20,122.0
ETH,2019-01-07/2019-01-13,133.68
ETH,2018-12-31/2019-01-06,143.98
ETH,2018-12-24/2018-12-30,134.44
ETH,2018-12-17/2018-12-23,108.17
ETH,2018-12-10/2018-12-16,88.5
ETH,2018-12-03/2018-12-09,99.51
ETH,2018-11-26/2018-12-02,114.58
ETH,2018-11-19/2018-11-25,141.14
ETH,2018-11-12/2018-11-18,192.6
ETH,2018-11-05/2018-11-11,216.21
ETH,2018-10-29/2018-11-04,205.88
ETH,2018-10-22/2018-10-28,205.72
ETH,2018-10-15/2018-10-21,216.8
ETH,2018-10-08/2018-10-14,210.86
ETH,2018-10-01/2018-10-07,226.2
ETH,2018-09-24/2018-09-30,224.9
ETH,2018-09-17/2018-09-23,223.76
ETH,2018-09-10/2018-09-16,197.37
ETH,2018-09-03/2018-09-09,240.82
ETH,2018-08-27/2018-09-02,286.79
ETH,2018-08-20/2018-08-26,281.77
ETH,2018-08-13/2018-08-19,286.0
ETH,2018-08-06/2018-08-12,358.86
ETH,2018-07-30/2018-08-05,433.2
ETH,2018-07-23/2018-07-29,466.44
ETH,2018-07-16/2018-07-22,477.74
ETH,2018-07-09/2018-07-15,452.96
ETH,2018-07-02/2018-07-08,470.07
ETH,2018-06-25/2018-07-01,439.48
ETH,2018-06-18/2018-06-24,483.86
ETH,2018-06-11/2018-06-17,493.97
ETH,2018-06-04/2018-06-10,563.3
ETH,2018-05-28/2018-06-03,567.46
ETH,2018-05-21/2018-05-27,635.23
ETH,2018-05-14/2018-05-20,699.95
ETH,2018-05-07/2018-05-13,716.17
ETH,2018-04-30/2018-05-06,733.79
ETH,2018-04-23/2018-04-29,653.41
ETH,2018-04-16/2018-04-22,570.4
ETH,2018-04-09/2018-04-15,461.05
ETH,2018-04-02/2018-04-08,390.81
ETH,2018-03-26/2018-04-01,442.28
ETH,2018-03-19/2018-03-25,548.62
ETH,2018-03-12/2018-03-18,595.25
ETH,2018-03-05/2018-03-11,755.88
ETH,2018-02-26/2018-03-04,865.24
ETH,2018-02-19/2018-02-25,873.5
ETH,2018-02-12/2018-02-18,892.98
ETH,2018-02-05/2018-02-11,740.65
ETH,2018-01-29/2018-02-04,1021.28
ETH,2018-01-22/2018-01-28,1092.5
ETH,2018-01-15/2018-01-21,1069.06
ETH,2018-01-08/2018-01-14,1175.0
ETH,2018-01-01/2018-01-07,920.9
ETH,2017-12-25/2017-12-31,683.02
ETH,2017-12-18/2017-12-24,684.94
ETH,2017-12-11/2017-12-17,587.48
ETH,2017-12-04/2017-12-10,431.5
ETH,2017-11-27/2017-12-03,450.0
ETH,2017-11-20/2017-11-26,417.24
ETH,2017-11-13/2017-11-19,338.63
ETH,2017-11-06/2017-11-12,305.0
ETH,2017-10-30/2017-11-05,295.36
ETH,2017-10-23/2017-10-29,291.1
ETH,2017-10-16/2017-10-22,319.34
ETH,2017-10-09/2017-10-15,320.3
ETH,2017-10-02/2017-10-08,300.84
ETH,2017-09-25/2017-10-01,293.5
ETH,2017-09-18/2017-09-24,279.16
ETH,2017-09-11/2017-09-17,254.23
ETH,2017-09-04/2017-09-10,290.05
ETH,2017-08-28/2017-09-03,357.24
ETH,2017-08-21/2017-08-27,246.17
ETH,2017-08-14/2017-08-20,295.09
SOL,2025-05-05/2025-05-11,158.78
SOL,2025-04-28/2025-05-04,147.16
SOL,2025-04-21/2025-04-27,145.41
SOL,2025-04-14/2025-04-20,132.72
SOL,2025-04-07/2025-04-13,114.68
SOL,2025-03-31/2025-04-06,120.01
SOL,2025-03-24/2025-03-30,135.08
SOL,2025-03-17/2025-03-23,128.94
SOL,2025-03-10/2025-03-16,124.36
SOL,2025-03-03/2025-03-09,152.44
SOL,2025-02-24/2025-03-02,152.7
SOL,2025-02-17/2025-02-23,175.3
SOL,2025-02-10/2025-02-16,197.68
SOL,2025-02-03/2025-02-09,197.93
SOL,2025-01-27/2025-02-02,218.5
SOL,2025-01-20/2025-01-26,251.36
SOL,2025-01-13/2025-01-19,232.36
SOL,2025-01-06/2025-01-12,202.59
SOL,2024-12-30/2025-01-05,202.86
SOL,2024-12-23/2024-12-29,189.16
SOL,2024-12-16/2024-12-22,202.1
SOL,2024-12-09/2024-12-15,220.14
SOL,2024-12-02/2024-12-08,231.0
SOL,2024-11-25/2024-12-01,239.25
SOL,2024-11-18/2024-11-24,247.0
SOL,2024-11-11/2024-11-17,221.5
SOL,2024-11-04/2024-11-10,185.19
SOL,2024-10-28/2024-11-03,170.6
SOL,2024-10-21/2024-10-27,169.21
SOL,2024-10-14/2024-10-20,157.37
SOL,2024-10-07/2024-10-13,143.96
SOL,2024-09-30/2024-10-06,146.44
SOL,2024-09-23/2024-09-29,151.95
SOL,2024-09-16/2024-09-22,139.78
SOL,2024-09-09/2024-09-15,133.38
SOL,2024-09-02/2024-09-08,129.06
SOL,2024-08-26/2024-09-01,144.83
SOL,2024-08-19/2024-08-25,150.5
SOL,2024-08-12/2024-08-18,144.14
SOL,2024-08-05/2024-08-11,136.85
SOL,2024-07-29/2024-08-04,162.6
SOL,2024-07-22/2024-07-28,176.88
SOL,2024-07-15/2024-07-21,166.08
SOL,2024-07-08/2024-07-14,138.16
SOL,2024-07-01/2024-07-07,138.0
SOL,2024-06-24/2024-06-30,136.61
SOL,2024-06-17/2024-06-23,139.87
SOL,2024-06-10/2024-06-16,151.43
SOL,2024-06-03/2024-06-09,164.26
SOL,2024-05-27/2024-06-02,167.62
SOL,2024-05-20/2024-05-26,174.94
SOL,2024-05-13/2024-05-19,156.92
SOL,2024-05-06/2024-05-12,149.6
SOL,2024-04-29/2024-05-05,133.8
SOL,2024-04-22/2024-04-28,146.44
SOL,2024-04-15/2024-04-21,141.23
SOL,2024-04-08/2024-04-14,150.34
SOL,2024-04-01/2024-04-07,186.15
SOL,2024-03-25/2024-03-31,191.58
SOL,2024-03-18/2024-03-24,186.32
SOL,2024-03-11/2024-03-17,170.84
SOL,2024-03-04/2024-03-10,128.82
SOL,2024-02-26/2024-03-03,119.05
SOL,2024-02-19/2024-02-25,106.68
SOL,2024-02-12/2024-02-18,111.04
SOL,2024-02-05/2024-02-11,101.87
SOL,2024-01-29/2024-02-04,99.8
SOL,2024-01-22/2024-01-28,89.22
SOL,2024-01-15/2024-01-21,95.32
SOL,2024-01-08/2024-01-14,96.24
SOL,2024-01-01/2024-01-07,100.98
SOL,2023-12-25/2023-12-31,111.75
SOL,2023-12-18/2023-12-24,92.55
SOL,2023-12-11/2023-12-17,71.59
SOL,2023-12-04/2023-12-10,68.44
SOL,2023-11-27/2023-12-03,59.5
SOL,2023-11-20/2023-11-26,56.28
SOL,2023-11-13/2023-11-19,59.66
SOL,2023-11-06/2023-11-12,51.8
SOL,2023-10-30/2023-11-05,39.59
SOL,2023-10-23/2023-10-29,31.32
SOL,2023-10-16/2023-10-22,26.1
SOL,2023-10-09/2023-10-15,22.15
SOL,2023-10-02/2023-10-08,23.66
SOL,2023-09-25/2023-10-01,21.62
SOL,2023-09-18/2023-09-24,19.56
SOL,2023-09-11/2023-09-17,18.42
SOL,2023-09-04/2023-09-10,19.19
SOL,2023-08-28/2023-09-03,20.54
SOL,2023-08-21/2023-08-27,20.68
SOL,2023-08-14/2023-08-20,22.71
SOL,2023-08-07/2023-08-13,23.76
SOL,2023-07-31/2023-08-06,23.51
SOL,2023-07-24/2023-07-30,24.2
SOL,2023-07-17/2023-07-23,26.24
SOL,2023-07-10/2023-07-16,26.3
SOL,2023-07-03/2023-07-09,20.41
SOL,2023-06-26/2023-07-02,17.82
SOL,2023-06-19/2023-06-25,16.55
SOL,2023-06-12/2023-06-18,15.09
SOL,2023-06-05/2023-06-11,17.43
SOL,2023-05-29/2023-06-04,21.28
SOL,2023-05-22/2023-05-28,19.92
SOL,2023-05-15/2023-05-21,20.42
SOL,2023-05-08/2023-05-14,20.75
SOL,2023-05-01/2023-05-07,22.23
SOL,2023-04-24/2023-04-30,22.17
SOL,2023-04-17/2023-04-23,23.46
SOL,2023-04-10/2023-04-16,22.78
SOL,2023-04-03/2023-04-09,20.6
SOL,2023-03-27/2023-04-02,20.5
SOL,2023-03-20/2023-03-26,22.0
SOL,2023-03-13/2023-03-19,20.82
SOL,2023-03-06/2023-03-12,18.6
SOL,2023-02-27/2023-03-05,21.8
SOL,2023-02-20/2023-02-26,24.26
SOL,2023-02-13/2023-02-19,22.68
SOL,2023-02-06/2023-02-12,21.96
SOL,2023-01-30/2023-02-05,24.4
SOL,2023-01-23/2023-01-29,24.52
SOL,2023-01-16/2023-01-22,23.47
SOL,2023-01-09/2023-01-15,19.64
SOL,2023-01-02/2023-01-08,12.35
SOL,2022-12-26/2023-01-01,9.75
SOL,2022-12-19/2022-12-25,11.83
SOL,2022-12-12/2022-12-18,13.44
SOL,2022-12-05/2022-12-11,13.82
SOL,2022-11-28/2022-12-04,13.55
SOL,2022-11-21/2022-11-27,12.96
SOL,2022-11-14/2022-11-20,13.58
SOL,2022-11-07/2022-11-13,22.75
SOL,2022-10-31/2022-11-06,34.52
SOL,2022-10-24/2022-10-30,30.94
SOL,2022-10-17/2022-10-23,29.16
SOL,2022-10-10/2022-10-16,30.66
SOL,2022-10-03/2022-10-09,33.12
SOL,2022-09-26/2022-10-02,33.53
SOL,2022-09-19/2022-09-25,32.4
SOL,2022-09-12/2022-09-18,34.94
SOL,2022-09-05/2022-09-11,33.16
SOL,2022-08-29/2022-09-04,31.58
SOL,2022-08-22/2022-08-28,33.38
SOL,2022-08-15/2022-08-21,40.72
SOL,2022-08-08/2022-08-14,43.76
SOL,2022-08-01/2022-08-07,40.34
SOL,2022-07-25/2022-07-31,40.66
SOL,2022-07-18/2022-07-24,42.96
SOL,2022-07-11/2022-07-17,36.46
SOL,2022-07-04/2022-07-10,36.08
SOL,2022-06-27/2022-07-03,36.08
SOL,2022-06-20/2022-06-26,37.33
SOL,2022-06-13/2022-06-19,30.93
SOL,2022-06-06/2022-06-12,37.71
SOL,2022-05-30/2022-06-05,42.05
SOL,2022-05-23/2022-05-29,47.3
SOL,2022-05-16/2022-05-22,53.32
SOL,2022-05-09/2022-05-15,57.29
SOL,2022-05-02/2022-05-08,84.47
SOL,2022-04-25/2022-05-01,91.94
SOL,2022-04-18/2022-04-24,102.76
SOL,2022-04-11/2022-04-17,105.02
SOL,2022-04-04/2022-04-10,123.2
SOL,2022-03-28/2022-04-03,124.36
SOL,2022-03-21/2022-03-27,97.1
SOL,2022-03-14/2022-03-20,86.28
SOL,2022-03-07/2022-03-13,83.78
SOL,2022-02-28/2022-03-06,95.26
SOL,2022-02-21/2022-02-27,85.74
SOL,2022-02-14/2022-02-20,95.66
SOL,2022-02-07/2022-02-13,106.64
SOL,2022-01-31/2022-02-06,103.89
SOL,2022-01-24/2022-01-30,92.63
SOL,2022-01-17/2022-01-23,118.01
SOL,2022-01-10/2022-01-16,143.9
SOL,2022-01-03/2022-01-09,154.74
SOL,2021-12-27/2022-01-02,186.21
SOL,2021-12-20/2021-12-26,184.54
SOL,2021-12-13/2021-12-19,168.74
SOL,2021-12-06/2021-12-12,182.72
SOL,2021-11-29/2021-12-05,206.06
SOL,2021-11-22/2021-11-28,206.46
SOL,2021-11-15/2021-11-21,216.43
SOL,2021-11-08/2021-11-14,235.4
SOL,2021-11-01/2021-11-07,228.8
SOL,2021-10-25/2021-10-31,197.94
SOL,2021-10-18/2021-10-24,184.08
SOL,2021-10-11/2021-10-17,152.63
SOL,2021-10-04/2021-10-10,159.44
SOL,2021-09-27/2021-10-03,152.98
SOL,2021-09-20/2021-09-26,134.72
SOL,2021-09-13/2021-09-19,154.5
SOL,2021-09-06/2021-09-12,172.0
SOL,2021-08-30/2021-09-05,122.09
SOL,2021-08-23/2021-08-29,81.92
SOL,2021-08-16/2021-08-22,67.13
SOL,2021-08-09/2021-08-15,45.58
SOL,2021-08-02/2021-08-08,36.41
SOL,2021-07-26/2021-08-01,31.95
SOL,2021-07-19/2021-07-25,25.82
SOL,2021-07-12/2021-07-18,29.34
SOL,2021-07-05/2021-07-11,34.56
SOL,2021-06-28/2021-07-04,33.48
SOL,2021-06-21/2021-06-27,27.84
SOL,2021-06-14/2021-06-20,36.52
SOL,2021-06-07/2021-06-13,38.9
SOL,2021-05-31/2021-06-06,35.44
SOL,2021-05-24/2021-05-30,30.87
SOL,2021-05-17/2021-05-23,38.75
SOL,2021-05-10/2021-05-16,45.02
SOL,2021-05-03/2021-05-09,45.21
SOL,2021-04-26/2021-05-02,45.25
SOL,2021-04-19/2021-04-25,38.73
SOL,2021-04-12/2021-04-18,27.04
SOL,2021-04-05/2021-04-11,25.38
SOL,2021-03-29/2021-04-04,21.59
SOL,2021-03-22/2021-03-28,15.84
SOL,2021-03-15/2021-03-21,14.01
SOL,2021-03-08/2021-03-14,14.75
SOL,2021-03-01/2021-03-07,13.72
SOL,2021-02-22/2021-02-28,13.65
SOL,2021-02-15/2021-02-21,9.68
SOL,2021-02-08/2021-02-14,8.19
SOL,2021-02-01/2021-02-07,5.63
SOL,2021-01-25/2021-01-31,4.12
SOL,2021-01-18/2021-01-24,3.35
SOL,2021-01-11/2021-01-17,3.28
SOL,2021-01-04/2021-01-10,2.83
SOL,2020-12-28/2021-01-03,1.83
SOL,2020-12-21/2020-12-27,1.33
SOL,2020-12-14/2020-12-20,1.66
SOL,2020-12-07/2020-12-13,1.67
SOL,2020-11-30/2020-12-06,2.01
SOL,2020-11-23/2020-11-29,2.11
SOL,2020-11-16/2020-11-22,2.25
SOL,2020-11-09/2020-11-15,2.08
SOL,2020-11-02/2020-11-08,1.89
SOL,2020-10-26/2020-11-01,1.59
SOL,2020-10-19/2020-10-25,1.99
SOL,2020-10-12/2020-10-18,2.41
SOL,2020-10-05/2020-10-11,2.35
SOL,2020-09-28/2020-10-04,2.82
SOL,2020-09-21/2020-09-27,2.87
SOL,2020-09-14/2020-09-20,2.95
SOL,2020-09-07/2020-09-13,3.13
SOL,2020-08-31/2020-09-06,3.52
SOL,2020-08-24/2020-08-30,3.86
SOL,2020-08-17/2020-08-23,3.23
SOL,2020-08-10/2020-08-16,3.49
XRP,2025-05-05/2025-05-11,2.26
XRP,2025-04-28/2025-05-04,2.24
XRP,2025-04-21/2025-04-27,2.18
XRP,2025-04-14/2025-04-20,2.11
XRP,2025-04-07/2025-04-13,1.93
XRP,2025-03-31/2025-04-06,2.05
XRP,2025-03-24/2025-03-30,2.28
XRP,2025-03-17/2025-03-23,2.41
XRP,2025-03-10/2025-03-16,2.19
XRP,2025-03-03/2025-03-09,2.53
XRP,2025-02-24/2025-03-02,2.48
XRP,2025-02-17/2025-02-23,2.62
XRP,2025-02-10/2025-02-16,2.58
XRP,2025-02-03/2025-02-09,2.28
XRP,2025-01-27/2025-02-02,2.84
XRP,2025-01-20/2025-01-26,3.14
XRP,2025-01-13/2025-01-19,2.86
XRP,2025-01-06/2025-01-12,2.4
XRP,2024-12-30/2025-01-05,2.25
XRP,2024-12-23/2024-12-29,2.21
XRP,2024-12-16/2024-12-22,2.34
XRP,2024-12-09/2024-12-15,2.25
XRP,2024-12-02/2024-12-08,2.54
XRP,2024-11-25/2024-12-01,1.82
XRP,2024-11-18/2024-11-24,1.34
XRP,2024-11-11/2024-11-17,0.92
XRP,2024-11-04/2024-11-10,0.56
XRP,2024-10-28/2024-11-03,0.51
XRP,2024-10-21/2024-10-27,0.52
XRP,2024-10-14/2024-10-20,0.55
XRP,2024-10-07/2024-10-13,0.53
XRP,2024-09-30/2024-10-06,0.58
XRP,2024-09-23/2024-09-29,0.62
XRP,2024-09-16/2024-09-22,0.59
XRP,2024-09-09/2024-09-15,0.56
XRP,2024-09-02/2024-09-08,0.54
XRP,2024-08-26/2024-09-01,0.57
XRP,2024-08-19/2024-08-25,0.6
XRP,2024-08-12/2024-08-18,0.57
XRP,2024-08-05/2024-08-11,0.54
XRP,2024-07-29/2024-08-04,0.59
XRP,2024-07-22/2024-07-28,0.61
XRP,2024-07-15/2024-07-21,0.58
XRP,2024-07-08/2024-07-14,0.48
XRP,2024-07-01/2024-07-07,0.44
XRP,2024-06-24/2024-06-30,0.47
XRP,2024-06-17/2024-06-23,0.5
XRP,2024-06-10/2024-06-16,0.48
XRP,2024-06-03/2024-06-09,0.49
XRP,2024-05-27/2024-06-02,0.52
XRP,2024-05-20/2024-05-26,0.53
XRP,2024-05-13/2024-05-19,0.51
XRP,2024-05-06/2024-05-12,0.53
XRP,2024-04-29/2024-05-05,0.51
XRP,2024-04-22/2024-04-28,0.54
XRP,2024-04-15/2024-04-21,0.5
XRP,2024-04-08/2024-04-14,0.53
XRP,2024-04-01/2024-04-07,0.6
XRP,2024-03-25/2024-03-31,0.63
XRP,2024-03-18/2024-03-24,0.62
XRP,2024-03-11/2024-03-17,0.66
XRP,2024-03-04/2024-03-10,0.6
XRP,2024-02-26/2024-03-03,0.59
XRP,2024-02-19/2024-02-25,0.55
XRP,2024-02-12/2024-02-18,0.55
XRP,2024-02-05/2024-02-11,0.52
XRP,2024-01-29/2024-02-04,0.51
XRP,2024-01-22/2024-01-28,0.52
XRP,2024-01-15/2024-01-21,0.56
XRP,2024-01-08/2024-01-14,0.58
XRP,2024-01-01/2024-01-07,0.57
XRP,2023-12-25/2023-12-31,0.63
XRP,2023-12-18/2023-12-24,0.6
XRP,2023-12-11/2023-12-17,0.63
XRP,2023-12-04/2023-12-10,0.64
XRP,2023-11-27/2023-12-03,0.61
XRP,2023-11-20/2023-11-26,0.6
XRP,2023-11-13/2023-11-19,0.67
XRP,2023-11-06/2023-11-12,0.68
XRP,2023-10-30/2023-11-05,0.61
XRP,2023-10-23/2023-10-29,0.55
XRP,2023-10-16/2023-10-22,0.5
XRP,2023-10-09/2023-10-15,0.5
XRP,2023-10-02/2023-10-08,0.53
XRP,2023-09-25/2023-10-01,0.52
XRP,2023-09-18/2023-09-24,0.51
XRP,2023-09-11/2023-09-17,0.48
XRP,2023-09-04/2023-09-10,0.5
XRP,2023-08-28/2023-09-03,0.52
XRP,2023-08-21/2023-08-27,0.52
XRP,2023-08-14/2023-08-20,0.53
XRP,2023-08-07/2023-08-13,0.63
XRP,2023-07-31/2023-08-06,0.67
XRP,2023-07-24/2023-07-30,0.71
XRP,2023-07-17/2023-07-23,0.78
XRP,2023-07-10/2023-07-16,0.7
XRP,2023-07-03/2023-07-09,0.48
XRP,2023-06-26/2023-07-02,0.47
XRP,2023-06-19/2023-06-25,0.5
XRP,2023-06-12/2023-06-18,0.51
XRP,2023-06-05/2023-06-11,0.51
XRP,2023-05-29/2023-06-04,0.51
XRP,2023-05-22/2023-05-28,0.46
XRP,2023-05-15/2023-05-21,0.45
XRP,2023-05-08/2023-05-14,0.43
XRP,2023-05-01/2023-05-07,0.46
XRP,2023-04-24/2023-04-30,0.46
XRP,2023-04-17/2023-04-23,0.49
XRP,2023-04-10/2023-04-16,0.52
XRP,2023-04-03/2023-04-09,0.5
XRP,2023-03-27/2023-04-02,0.51
XRP,2023-03-20/2023-03-26,0.43
XRP,2023-03-13/2023-03-19,0.38
XRP,2023-03-06/2023-03-12,0.37
XRP,2023-02-27/2023-03-05,0.37
XRP,2023-02-20/2023-02-26,0.39
XRP,2023-02-13/2023-02-19,0.38
XRP,2023-02-06/2023-02-12,0.39
XRP,2023-01-30/2023-02-05,0.4
XRP,2023-01-23/2023-01-29,0.41
XRP,2023-01-16/2023-01-22,0.39
XRP,2023-01-09/2023-01-15,0.38
XRP,2023-01-02/2023-01-08,0.33
XRP,2022-12-26/2023-01-01,0.35
XRP,2022-12-19/2022-12-25,0.34
XRP,2022-12-12/2022-12-18,0.37
XRP,2022-12-05/2022-12-11,0.38
XRP,2022-11-28/2022-12-04,0.39
XRP,2022-11-21/2022-11-27,0.38
XRP,2022-11-14/2022-11-20,0.36
XRP,2022-11-07/2022-11-13,0.4
XRP,2022-10-31/2022-11-06,0.48
XRP,2022-10-24/2022-10-30,0.46
XRP,2022-10-17/2022-10-23,0.45
XRP,2022-10-10/2022-10-16,0.49
XRP,2022-10-03/2022-10-09,0.49
XRP,2022-09-26/2022-10-02,0.46
XRP,2022-09-19/2022-09-25,0.45
XRP,2022-09-12/2022-09-18,0.36
XRP,2022-09-05/2022-09-11,0.34
XRP,2022-08-29/2022-09-04,0.33
XRP,2022-08-22/2022-08-28,0.35
XRP,2022-08-15/2022-08-21,0.36
XRP,2022-08-08/2022-08-14,0.38
XRP,2022-08-01/2022-08-07,0.38
XRP,2022-07-25/2022-07-31,0.37
XRP,2022-07-18/2022-07-24,0.36
XRP,2022-07-11/2022-07-17,0.33
XRP,2022-07-04/2022-07-10,0.34
XRP,2022-06-27/2022-07-03,0.34
XRP,2022-06-20/2022-06-26,0.35
XRP,2022-06-13/2022-06-19,0.32
XRP,2022-06-06/2022-06-12,0.38
XRP,2022-05-30/2022-06-05,0.41
XRP,2022-05-23/2022-05-29,0.4
XRP,2022-05-16/2022-05-22,0.42
XRP,2022-05-09/2022-05-15,0.46
XRP,2022-05-02/2022-05-08,0.61
XRP,2022-04-25/2022-05-01,0.64
XRP,2022-04-18/2022-04-24,0.74
XRP,2022-04-11/2022-04-17,0.74
XRP,2022-04-04/2022-04-10,0.8
XRP,2022-03-28/2022-04-03,0.85
XRP,2022-03-21/2022-03-27,0.83
XRP,2022-03-14/2022-03-20,0.78
XRP,2022-03-07/2022-03-13,0.78
XRP,2022-02-28/2022-03-06,0.75
XRP,2022-02-21/2022-02-27,0.71
XRP,2022-02-14/2022-02-20,0.81
XRP,2022-02-07/2022-02-13,0.79
XRP,2022-01-31/2022-02-06,0.63
XRP,2022-01-24/2022-01-30,0.61
XRP,2022-01-17/2022-01-23,0.66
XRP,2022-01-10/2022-01-16,0.76
XRP,2022-01-03/2022-01-09,0.78
XRP,2021-12-27/2022-01-02,0.88
XRP,2021-12-20/2021-12-26,0.92
XRP,2021-12-13/2021-12-19,0.8
XRP,2021-12-06/2021-12-12,0.84
XRP,2021-11-29/2021-12-05,0.82
XRP,2021-11-22/2021-11-28,0.98
XRP,2021-11-15/2021-11-21,1.12
XRP,2021-11-08/2021-11-14,1.23
XRP,2021-11-01/2021-11-07,1.16
XRP,2021-10-25/2021-10-31,1.05
XRP,2021-10-18/2021-10-24,1.11
XRP,2021-10-11/2021-10-17,1.1
XRP,2021-10-04/2021-10-10,1.12
XRP,2021-09-27/2021-10-03,0.99
XRP,2021-09-20/2021-09-26,0.95
XRP,2021-09-13/2021-09-19,1.08
XRP,2021-09-06/2021-09-12,1.18
XRP,2021-08-30/2021-09-05,1.21
XRP,2021-08-23/2021-08-29,1.18
XRP,2021-08-16/2021-08-22,1.19
XRP,2021-08-09/2021-08-15,1.05
XRP,2021-08-02/2021-08-08,0.77
XRP,2021-07-26/2021-08-01,0.69
XRP,2021-07-19/2021-07-25,0.57
XRP,2021-07-12/2021-07-18,0.61
XRP,2021-07-05/2021-07-11,0.64
XRP,2021-06-28/2021-07-04,0.68
XRP,2021-06-21/2021-06-27,0.64
XRP,2021-06-14/2021-06-20,0.81
XRP,2021-06-07/2021-06-13,0.88
XRP,2021-05-31/2021-06-06,0.99
XRP,2021-05-24/2021-05-30,0.91
XRP,2021-05-17/2021-05-23,1.18
XRP,2021-05-10/2021-05-16,1.41
XRP,2021-05-03/2021-05-09,1.54
XRP,2021-04-26/2021-05-02,1.34
XRP,2021-04-19/2021-04-25,1.21
XRP,2021-04-12/2021-04-18,1.56
XRP,2021-04-05/2021-04-11,1.06
XRP,2021-03-29/2021-04-04,0.58
XRP,2021-03-22/2021-03-28,0.53
XRP,2021-03-15/2021-03-21,0.49
XRP,2021-03-08/2021-03-14,0.46
XRP,2021-03-01/2021-03-07,0.45
XRP,2021-02-22/2021-02-28,0.51
XRP,2021-02-15/2021-02-21,0.54
XRP,2021-02-08/2021-02-14,0.53
XRP,2021-02-01/2021-02-07,0.55
XRP,2021-01-25/2021-01-31,0.38
XRP,2021-01-18/2021-01-24,0.29
XRP,2021-01-11/2021-01-17,0.28
XRP,2021-01-04/2021-01-10,0.29
XRP,2020-12-28/2021-01-03,0.24
XRP,2020-12-21/2020-12-27,0.39
XRP,2020-12-14/2020-12-20,0.55
XRP,2020-12-07/2020-12-13,0.55
XRP,2020-11-30/2020-12-06,0.61
XRP,2020-11-23/2020-11-29,0.61
XRP,2020-11-16/2020-11-22,0.38
XRP,2020-11-09/2020-11-15,0.26
XRP,2020-11-02/2020-11-08,0.25
XRP,2020-10-26/2020-11-01,0.24
XRP,2020-10-19/2020-10-25,0.25
XRP,2020-10-12/2020-10-18,0.25
XRP,2020-10-05/2020-10-11,0.25
XRP,2020-09-28/2020-10-04,0.24
XRP,2020-09-21/2020-09-27,0.23
XRP,2020-09-14/2020-09-20,0.25
XRP,2020-09-07/2020-09-13,0.24
XRP,2020-08-31/2020-09-06,0.27
XRP,2020-08-24/2020-08-30,0.27
XRP,2020-08-17/2020-08-23,0.3
XRP,2020-08-10/2020-08-16,0.29
XRP,2020-08-03/2020-08-09,0.3
XRP,2020-07-27/2020-08-02,0.27
XRP,2020-07-20/2020-07-26,0.21
XRP,2020-07-13/2020-07-19,0.2
XRP,2020-07-06/2020-07-12,0.19
XRP,2020-06-29/2020-07-05,0.18
XRP,2020-06-22/2020-06-28,0.18
XRP,2020-06-15/2020-06-21,0.19
XRP,2020-06-08/2020-06-14,0.19
XRP,2020-06-01/2020-06-07,0.21
XRP,2020-05-25/2020-05-31,0.2
XRP,2020-05-18/2020-05-24,0.2
XRP,2020-05-11/2020-05-17,0.2
XRP,2020-05-04/2020-05-10,0.2
XRP,2020-04-27/2020-05-03,0.21
XRP,2020-04-20/2020-04-26,0.19
XRP,2020-04-13/2020-04-19,0.19
XRP,2020-04-06/2020-04-12,0.19
XRP,2020-03-30/2020-04-05,0.17
XRP,2020-03-23/2020-03-29,0.17
XRP,2020-03-16/2020-03-22,0.15
XRP,2020-03-09/2020-03-15,0.16
XRP,2020-03-02/2020-03-08,0.22
XRP,2020-02-24/2020-03-01,0.25
XRP,2020-02-17/2020-02-23,0.28
XRP,2020-02-10/2020-02-16,0.31
XRP,2020-02-03/2020-02-09,0.27
XRP,2020-01-27/2020-02-02,0.24
XRP,2020-01-20/2020-01-26,0.23
XRP,2020-01-13/2020-01-19,0.23
XRP,2020-01-06/2020-01-12,0.21
XRP,2019-12-30/2020-01-05,0.19
XRP,2019-12-23/2019-12-29,0.19
XRP,2019-12-16/2019-12-22,0.2
XRP,2019-12-09/2019-12-15,0.22
XRP,2019-12-02/2019-12-08,0.22
XRP,2019-11-25/2019-12-01,0.22
XRP,2019-11-18/2019-11-24,0.24
XRP,2019-11-11/2019-11-17,0.27
XRP,2019-11-04/2019-11-10,0.29
XRP,2019-10-28/2019-11-03,0.3
XRP,2019-10-21/2019-10-27,0.28
XRP,2019-10-14/2019-10-20,0.29
XRP,2019-10-07/2019-10-13,0.27
XRP,2019-09-30/2019-10-06,0.25
XRP,2019-09-23/2019-09-29,0.25
XRP,2019-09-16/2019-09-22,0.29
XRP,2019-09-09/2019-09-15,0.26
XRP,2019-09-02/2019-09-08,0.26
XRP,2019-08-26/2019-09-01,0.26
XRP,2019-08-19/2019-08-25,0.27
XRP,2019-08-12/2019-08-18,0.27
XRP,2019-08-05/2019-08-11,0.31
XRP,2019-07-29/2019-08-04,0.31
XRP,2019-07-22/2019-07-28,0.32
XRP,2019-07-15/2019-07-21,0.31
XRP,2019-07-08/2019-07-14,0.35
XRP,2019-07-01/2019-07-07,0.4
XRP,2019-06-24/2019-06-30,0.45
XRP,2019-06-17/2019-06-23,0.46
XRP,2019-06-10/2019-06-16,0.41
XRP,2019-06-03/2019-06-09,0.42
XRP,2019-05-27/2019-06-02,0.44
XRP,2019-05-20/2019-05-26,0.39
XRP,2019-05-13/2019-05-19,0.39
XRP,2019-05-06/2019-05-12,0.31
XRP,2019-04-29/2019-05-05,0.3
XRP,2019-04-22/2019-04-28,0.31
XRP,2019-04-15/2019-04-21,0.33
XRP,2019-04-08/2019-04-14,0.34
XRP,2019-04-01/2019-04-07,0.34
XRP,2019-03-25/2019-03-31,0.31
XRP,2019-03-18/2019-03-24,0.31
XRP,2019-03-11/2019-03-17,0.32
XRP,2019-03-04/2019-03-10,0.31
XRP,2019-02-25/2019-03-03,0.32
XRP,2019-02-18/2019-02-24,0.32
XRP,2019-02-11/2019-02-17,0.3
XRP,2019-02-04/2019-02-10,0.3
XRP,2019-01-28/2019-02-03,0.31
XRP,2019-01-21/2019-01-27,0.31
XRP,2019-01-14/2019-01-20,0.32
XRP,2019-01-07/2019-01-13,0.34
XRP,2018-12-31/2019-01-06,0.36
XRP,2018-12-24/2018-12-30,0.39
XRP,2018-12-17/2018-12-23,0.34
XRP,2018-12-10/2018-12-16,0.3
XRP,2018-12-03/2018-12-09,0.33
XRP,2018-11-26/2018-12-02,0.37
XRP,2018-11-19/2018-11-25,0.42
XRP,2018-11-12/2018-11-18,0.48
XRP,2018-11-05/2018-11-11,0.51
XRP,2018-10-29/2018-11-04,0.46
XRP,2018-10-22/2018-10-28,0.47
XRP,2018-10-15/2018-10-21,0.46
XRP,2018-10-08/2018-10-14,0.44
XRP,2018-10-01/2018-10-07,0.54
XRP,2018-09-24/2018-09-30,0.53
XRP,2018-09-17/2018-09-23,0.53
XRP,2018-09-10/2018-09-16,0.27
XRP,2018-09-03/2018-09-09,0.31
XRP,2018-08-27/2018-09-02,0.34
XRP,2018-08-20/2018-08-26,0.33
XRP,2018-08-13/2018-08-19,0.31
XRP,2018-08-06/2018-08-12,0.36
XRP,2018-07-30/2018-08-05,0.44
XRP,2018-07-23/2018-07-29,0.45
XRP,2018-07-16/2018-07-22,0.48
XRP,2018-07-09/2018-07-15,0.45
XRP,2018-07-02/2018-07-08,0.49
XRP,2018-06-25/2018-07-01,0.46
XRP,2018-06-18/2018-06-24,0.5
XRP,2018-06-11/2018-06-17,0.55
XRP,2018-06-04/2018-06-10,0.63
XRP,2018-05-28/2018-06-03,0.62
XRP,2018-05-21/2018-05-27,0.64
XRP,2018-05-14/2018-05-20,0.7
XRP,2018-05-07/2018-05-13,0.75
XRP,2018-04-30/2018-05-06,1.0
